ticker,name,sector,return_pct,market_cap_b
9988.HK,ALIBABA GROUP HOLDING LTD,China,-6.29,0
0700.HK,TENCENT HOLDINGS LTD,China,-0.97,0
1299.HK,AIA GROUP LTD,Hong Kong,3.93,0
000660.KS,SK HYNIX INC,Korea (South),-0.59,0
005930.KS,SAMSUNG ELECTRONICS LTD,Korea (South),-0.55,0
0939.HK,CHINA CONSTRUCTION BANK CORP H,China,-0.12,0
1810.HK,XIAOMI CORP,China,-8.59,0
005935.KS,SAMSUNG ELECTRONICS NON VOTING PRE,Korea (South),-3.47,0
PDD,PDD HOLDINGS ADS INC,China,-1.27,0
SPOT,SPOTIFY TECHNOLOGY SA,Sweden,-1.65,0
3690.HK,MEITUAN,China,-1.92,0
1398.HK,INDUSTRIAL AND COMMERCIAL BANK OF,China,0.3,0
2318.HK,PING AN INSURANCE (GROUP) CO OF CH,China,0.16,0
005380.KS,HYUNDAI MOTOR,Korea (South),-0.96,0
INVE-B.ST,INVESTOR CLASS B,Sweden,-1.24,0
0388.HK,HONG KONG EXCHANGES AND CLEARING L,Hong Kong,-0.65,0
ATCO-A.ST,ATLAS COPCO CLASS A,Sweden,-1.06,0
3988.HK,BANK OF CHINA LTD H,China,0.64,0
VOLV-B.ST,VOLVO CLASS B,Sweden,-2.27,0
1211.HK,BYD LTD H,China,0.58,0
402340.KS,SK SQUARE LTD,Korea (South),-0.49,0
9999.HK,NETEASE INC,China,-0.49,0
105560.KS,KB FINANCIAL GROUP INC,Korea (South),-0.32,0
ASSA-B.ST,ASSA ABLOY B,Sweden,-0.28,0
SAND.ST,SANDVIK,Sweden,-1.07,0
9618.HK,JD.COM CLASS A INC,China,-1.9,0
9888.HK,BAIDU CLASS A INC,China,-1.87,0
9961.HK,TRIP.COM GROUP LTD,China,0.55,0
034020.KS,DOOSAN ENERBILITY LTD,Korea (South),3.1,0
ERIC-B.ST,ERICSSON B,Sweden,-1.03,0
000270.KS,KIA CORPORATION CORP,Korea (South),-1.17,0
012450.KS,HANWHA AEROSPACE LTD,Korea (South),-4.0,0
SEB-A.ST,SKANDINAVISKA ENSKILDA BANKEN,Sweden,-1.85,0
0857.HK,PETROCHINA LTD H,China,1.68,0
SWED-A.ST,SWEDBANK,Sweden,-1.89,0
086790.KS,HANA FINANCIAL GROUP INC,Korea (South),0.0,0
055550.KS,SHINHAN FINANCIAL GROUP LTD,Korea (South),1.45,0
3968.HK,CHINA MERCHANTS BANK LTD H,China,-0.08,0
2628.HK,CHINA LIFE INSURANCE LTD H,China,-0.14,0
2899.HK,ZIJIN MINING GROUP LTD H,China,-1.38,0
068270.KS,CELLTRION INC,Korea (South),0.0,0
2388.HK,BOC HONG KONG HOLDINGS LTD,Hong Kong,-0.53,0
0016.HK,SUN HUNG KAI PROPERTIES LTD,Hong Kong,0.15,0
SAAB-B.ST,SAAB CLASS B,Sweden,-4.52,0
ATCO-B.ST,ATLAS COPCO CLASS B,Sweden,-1.16,0
1088.HK,CHINA SHENHUA ENERGY LTD H,China,0.08,0
1288.HK,AGRICULTURAL BANK OF CHINA LTD H,China,0.56,0
035420.KS,NAVER CORP,Korea (South),0.45,0
SHB-A.ST,SVENSKA HANDELSBANKEN-A SHS,Sweden,-2.03,0
HEXA-B.ST,HEXAGON CLASS B,Sweden,-1.75,0
1024.HK,KUAISHOU TECHNOLOGY,China,-2.8,0
028260.KS,SAMSUNG C&T CORP,Korea (South),2.23,0
6160.HK,BEONE MEDICINES AG,China,-0.24,0
0001.HK,CK HUTCHISON HOLDINGS LTD,Hong Kong,0.58,0
9987.HK,YUM CHINA HOLDINGS INC,China,-0.19,0
0669.HK,TECHTRONIC INDUSTRIES LTD,Hong Kong,0.09,0
BOL.ST,BOLIDEN,Sweden,-3.36,0
012330.KS,HYUNDAI MOBIS LTD,Korea (South),-3.03,0
ALFA.ST,ALFA LAVAL,Sweden,-1.86,0
EPI-A.ST,EPIROC CLASS A,Sweden,-0.68,0
005490.KS,POSCO,Korea (South),1.63,0
009150.KS,SAMSUNG ELECTRO MECHANICS LTD,Korea (South),-3.13,0
006400.KS,SAMSUNG SDI LTD,Korea (South),-0.5,0
600519.SS,KWEICHOW MOUTAI LTD A,China,-0.54,0
2269.HK,WUXI BIOLOGICS CAYMAN INC,China,-0.88,0
267260.KS,HD HYUNDAI ELECTRIC LTD,Korea (South),0.1,0
ESSITY-B.ST,ESSITY CLASS B,Sweden,-0.76,0
6869.HK,YANGTZE OPTICAL FIBRE AND CABLE JO,China,5.49,0
0002.HK,CLP HOLDINGS LTD,Hong Kong,-0.2,0
1801.HK,INNOVENT BIOLOGICS INC,China,-0.98,0
0020.HK,SENSETIME GROUP CLASS B INC,China,-1.48,0
316140.KS,WOORI FINANCIAL GROUP INC,Korea (South),0.89,0
010140.KS,SAMSUNG HEAVY INDUSTRIES LTD,Korea (South),0.18,0
9992.HK,POP MART INTERNATIONAL GROUP LTD,China,-1.5,0
EQT.ST,EQT,Sweden,-2.32,0
329180.KS,HD HYUNDAI HEAVY INDUSTRIES LTD,Korea (South),-1.41,0
0175.HK,GEELY AUTOMOBILE HOLDINGS LTD,China,6.43,0
2328.HK,PICC PROPERTY AND CASUALTY LTD H,China,-2.25,0
0386.HK,CHINA PETROLEUM AND CHEMICAL CORP,China,0.0,0
032830.KS,SAMSUNG LIFE LTD,Korea (South),0.43,0
TELIA.ST,TELIA COMPANY,Sweden,-0.98,0
2020.HK,ANTA SPORTS PRODUCTS LTD,China,-0.84,0
207940.KS,SAMSUNG BIOLOGICS LTD,Korea (South),1.01,0
9868.HK,XPENG CLASS A INC,China,-5.1,0
1378.HK,CHINA HONGQIAO GROUP LTD,China,-0.81,0
0823.HK,LINK REAL ESTATE INVESTMENT TRUST,Hong Kong,-1.15,0
INDU-C.ST,INDUSTRIVARDEN SERIES,Sweden,-1.89,0
1109.HK,CHINA RESOURCES LAND LTD,China,-0.47,0
9866.HK,NIO CLASS A INC,China,-1.32,0
9633.HK,NONGFU SPRING LTD H,China,-0.7,0
2057.HK,ZTO EXPRESS (CAYMAN) INC,China,-1.02,0
2601.HK,CHINA PACIFIC INSURANCE (GROUP) LT,China,-1.01,0
373220.KS,LG ENERGY SOLUTION LTD,Korea (South),1.21,0
2423.HK,KE HOLDINGS INC,China,-1.89,0
033780.KS,KT&G CORP,Korea (South),0.32,0
086520.KS,ECOPRO LTD,Korea (South),-0.13,0
051910.KS,LG CHEM LTD,Korea (South),2.14,0
042660.KS,HANWHA OCEAN LTD,Korea (South),-0.69,0
HTHT,H WORLD GROUP ADR LTD,China,-0.79,0
1113.HK,CK ASSET HOLDINGS LTD,Hong Kong,-1.21,0
009540.KS,HD KOREA SHIPBUILDING & OFFSHORE E,Korea (South),-2.18,0
0006.HK,POWER ASSETS HOLDINGS LTD,Hong Kong,-0.64,0
035720.KS,KAKAO CORP,Korea (South),0.0,0
047810.KS,KOREA AEROSPACE INDUSTRIES LTD,Korea (South),-2.47,0
196170.KS,ALTEOGEN INC,Korea (South),-1.81,0
010120.KS,LS ELECTRIC LTD,Korea (South),1.49,0
HM-B.ST,HENNES & MAURITZ,Sweden,-0.68,0
2015.HK,LI AUTO CLASS A INC,China,1.21,0
006800.KS,MIRAE ASSET SECURITIES CO LTD,Korea (South),1.5,0
0992.HK,LENOVO GROUP LTD,China,-1.39,0
000810.KS,SAMSUNG FIRE & MARINE INSURANCE LT,Korea (South),-0.84,0
TEL2-B.ST,TELE2 B,Sweden,-2.14,0
0003.HK,HONG KONG AND CHINA GAS LTD,Hong Kong,-1.08,0
298040.KS,HYOSUNG HEAVY INDUSTRIES CORP,Korea (South),1.56,0
EVO.ST,EVOLUTION,Sweden,-1.54,0
064350.KS,HYUNDAI-ROTEM,Korea (South),-3.33,0
1093.HK,CSPC PHARMACEUTICAL GROUP LTD,China,-2.44,0
042700.KS,HANMI SEMICONDUCTOR LTD,Korea (South),0.81,0
0288.HK,WH GROUP LTD,Hong Kong,-0.32,0
3993.HK,CMOC GROUP LTD,China,-2.11,0
066570.KS,LG ELECTRONICS INC,Korea (South),1.46,0
1347.HK,HUA HONG SEMICONDUCTOR LTD,China,-1.12,0
9926.HK,AKESO INC,China,-1.45,0
0027.HK,GALAXY ENTERTAINMENT GROUP LTD,Hong Kong,1.3,0
0998.HK,CHINA CITIC BANK CORP LTD H,China,-0.41,0
SKA-B.ST,SKANSKA B,Sweden,-1.18,0
000720.KS,HYUNDAI ENGINEERING & CONSTRUCTION,Korea (South),-3.24,0
EPI-B.ST,EPIROC CLASS B,Sweden,0.67,0
LIFCO-B.ST,LIFCO CLASS B,Sweden,-1.64,0
600036.SS,CHINA MERCHANTS BANK LTD A,China,-0.05,0
SKF-B.ST,SKF B,Sweden,-1.95,0
ADDT-B.ST,ADDTECH CLASS B,Sweden,-0.54,0
1171.HK,YANKUANG ENERGY GROUP COMPANY LTD,China,1.08,0
SCA-B.ST,SVENSKA CELLULOSA B,Sweden,-1.1,0
6690.HK,HAIER SMART HOME CLASS H LTD H,China,-0.98,0
015760.KS,KOREA ELECTRIC POWER CORP,Korea (South),1.76,0
2338.HK,WEICHAI POWER LTD H,China,-2.26,0
034730.KS,SK INC,Korea (South),4.05,0
272210.KS,HANWHA SYSTEMS LTD,Korea (South),-3.55,0
3328.HK,BANK OF COMMUNICATIONS LTD H,China,0.29,0
1177.HK,SINO BIOPHARMACEUTICAL LTD,China,-1.32,0
9901.HK,NEW ORIENTAL EDUCATION & TECHNOLOG,China,-1.59,0
600900.SS,CHINA YANGTZE POWER LTD A,China,-0.29,0
138040.KS,MERITZ FINANCIAL GROUP INC,Korea (South),-0.72,0
0066.HK,MTR CORPORATION CORP LTD,Hong Kong,-0.06,0
2319.HK,CHINA MENGNIU DAIRY LTD,China,-0.55,0
6618.HK,JD HEALTH INTERNATIONAL INC,China,-1.61,0
267250.KS,HD HYUNDAI LTD,Korea (South),1.72,0
601318.SS,PING AN INSURANCE (GROUP) OF CHINA,China,-1.45,0
TREL-B.ST,TRELLEBORG B,Sweden,-1.63,0
1308.HK,SITC INTERNATIONAL HOLDINGS LTD,Hong Kong,-0.8,0
071050.KS,KOREA INVESTMENT HOLDINGS LTD,Korea (South),2.4,0
SECU-B.ST,SECURITAS B,Sweden,-1.27,0
601901.SS,FOUNDER SECURITIES LTD A,China,-1.37,0
1816.HK,CGN POWER LTD H,China,3.64,0
079550.KS,LIG NEX1 LTD,Korea (South),-5.84,0
1339.HK,THE PEOPLES INSURANCE CO (GROUP),China,0.0,0
2688.HK,ENN ENERGY HOLDINGS LTD,China,0.46,0
600030.SS,CITIC SECURITIES LTD A,China,-1.21,0
BEIJ-B.ST,BEIJER REF CLASS B,Sweden,-1.31,0
TME,TENCENT MUSIC ENTERTAINMENT GROUP,China,-1.94,0
SOBI.ST,SWEDISH ORPHAN BIOVITRUM,Sweden,-0.83,0
247540.KS,ECOPRO BM LTD,Korea (South),1.16,0
1658.HK,POSTAL SAVINGS BANK OF CHINA LTD H,China,0.0,0
003550.KS,LG CORP,Korea (South),5.52,0
3750.HK,CONTEMPORARY AMPEREX TECHNOLOGY LT,China,8.39,0
2359.HK,WUXI APPTEC LTD H,China,-0.74,0
9626.HK,BILIBILI INC,China,-1.11,0
2331.HK,LI NING LTD,China,8.56,0
0788.HK,CHINA TOWER CORP LTD H,China,-0.72,0
278470.KS,APR LTD,Korea (South),-2.57,0
9698.HK,GDS HOLDINGS LTD CLASS A,China,-1.83,0
2600.HK,ALUMINUM CORPORATION OF CHINA LTD,China,-2.87,0
0688.HK,CHINA OVERSEAS LAND INVESTMENT LTD,China,-1.67,0
INDT.ST,INDUTRADE,Sweden,-1.96,0
3692.HK,HANSOH PHARMACEUTICAL GROUP LTD,China,-1.47,0
601899.SS,ZIJIN MINING GROUP LTD A,China,-2.07,0
086280.KS,HYUNDAI GLOVIS LTD,Korea (South),0.0,0
0267.HK,CITIC LTD,China,0.61,0
0358.HK,JIANGXI COPPER LTD H,China,-1.42,0
601138.SS,FOXCONN INDUSTRIAL INTERNET LTD A,China,-0.32,0
000150.KS,DOOSAN CORP,Korea (South),3.22,0
2313.HK,SHENZHOU INTERNATIONAL GROUP LTD,China,-0.09,0
1336.HK,NEW CHINA LIFE INSURANCE COMPANY L,China,-1.53,0
0291.HK,CHINA RESOURCES BEER HOLDINGS LTD,China,0.16,0
352820.KS,HYBE LTD,Korea (South),-2.96,0
1530.HK,3SBIO INC,China,-2.81,0
2382.HK,SUNNY OPTICAL TECHNOLOGY LTD,China,-3.46,0
NIBE-B.ST,NIBE INDUSTRIER CLASS B,Sweden,6.39,0
1928.HK,SANDS CHINA LTD,Hong Kong,1.96,0
601288.SS,AGRICULTURAL BANK OF CHINA LTD A,China,-1.02,0
1818.HK,ZHAOJIN MINING INDUSTRY LTD H,China,1.01,0
1038.HK,CHEUNG KONG INFRASTRUCTURE HOLDING,Hong Kong,-1.37,0
3606.HK,FUYAO GLASS INDUSTRY GROUP LTD H,China,0.52,0
1919.HK,COSCO SHIPPING HOLDINGS LTD H,China,-2.26,0
1997.HK,WHARF REAL ESTATE INVESTMENT COMPA,Hong Kong,-0.16,0
0836.HK,CHINA RESOURCES POWER LTD,China,1.05,0
0083.HK,SINO LAND LTD,Hong Kong,-0.6,0
1208.HK,MMG LTD,China,-4.3,0
003670.KS,POSCO FUTURE M LTD,Korea (South),0.61,0
VIPS,VIPSHOP HOLDINGS SPONSORED ADS REP,China,-1.54,0
6823.HK,HKT TRUST AND HKT UNITS LTD,Hong Kong,-0.73,0
028300.KS,HLB INC,Korea (South),2.58,0
0300.HK,MIDEA GROUP LTD CLASS H,China,-0.36,0
6030.HK,CITIC SECURITIES COMPANY LTD H,China,-0.78,0
005387.KS,HYUNDAI MOTOR S2 PREF,Korea (South),-2.22,0
0012.HK,HENDERSON LAND DEVELOPMENT LTD,Hong Kong,-2.2,0
096770.KS,SK INNOVATION LTD,Korea (South),3.26,0
9660.HK,HORIZON ROBOTICS,China,1.24,0
0135.HK,KUNLUN ENERGY LTD,China,0.83,0
688256.SS,CAMBRICON TECHNOLOGIES CORPORATION,China,-1.16,0
1898.HK,CHINA COAL ENERGY LTD H,China,0.41,0
688041.SS,HYGON INFORMATION TECHNOLOGY LTD A,China,-2.79,0
BZ,KANZHUN AMERICAN DEPOSITORY SHARES,China,1.72,0
600999.SS,CHINA MERCHANTS SECURITIES LTD A,China,-1.32,0
0966.HK,CHINA TAIPING INSURANCE HLDGS LTD,China,-0.28,0
TAL,TAL EDUCATION GROUP ADR REPTG,China,0.35,0
017670.KS,SK TELECOM LTD,Korea (South),0.77,0
6881.HK,CHINA GALAXY SECURITIES LTD H,China,0.87,0
0019.HK,SWIRE PACIFIC LTD A,Hong Kong,-0.11,0
3908.HK,CHINA INTERNATIONAL CAPITAL CORP L,China,-0.49,0
2259.HK,ZIJIN GOLD INTERNATIONAL LTD,China,5.51,0
BALD-B.ST,FASTIGHETS BALDER CLASS B,Sweden,-3.42,0
2333.HK,GREAT WALL MOTOR COMPANY LTD H,China,2.14,0
600406.SS,NARI TECHNOLOGY LTD A,China,-1.47,0
259960.KS,KRAFTON INC,Korea (South),1.51,0
6886.HK,HUATAI SECURITIES LTD H,China,0.62,0
3808.HK,SINOTRUK (HONG KONG) LTD,China,8.4,0
0902.HK,HUANENG POWER INTERNATIONAL INC H,China,0.68,0
0241.HK,ALIBABA HEALTH INFORMATION TECH LT,China,-2.6,0
1787.HK,SHANDONG GOLD MINING LTD H,China,-0.06,0
2099.HK,CHINA GOLD INTERNATIONAL RESOURCES,China,0.07,0
601328.SS,BANK OF COMMUNICATIONS LTD A,China,0.29,0
005830.KS,DB INSURANCE LTD,Korea (South),1.19,0
603993.SS,CHINA MOLYBDENUM LTD A,China,-1.68,0
6862.HK,HAIDILAO INTERNATIONAL HOLDING LTD,China,-1.18,0
0268.HK,KINGDEE INT L SOFTWARE GROUP LTD,China,-1.84,0
601211.SS,GUOTAI HAITONG SECURITIES LTD A,China,0.23,0
601995.SS,CHINA INTERNATIONAL CAPITAL CORP L,China,-0.73,0
018260.KS,SAMSUNG SDS LTD,Korea (South),0.68,0
3898.HK,ZHUZHOU CRRC TIMES ELECTRIC LTD H,China,0.27,0
601398.SS,INDUSTRIAL AND COMMERCIAL BANK OF,China,-0.4,0
SAGA-B.ST,SAGAX CLASS B,Sweden,-2.72,0
0151.HK,WANT WANT CHINA HOLDINGS LTD,China,-1.05,0
1209.HK,CHINA RESOURCES MIXC LIFESTYLE SER,China,0.62,0
000100.KS,YUHAN CORP,Korea (South),1.62,0
011200.KS,HMM LTD,Korea (South),1.92,0
2611.HK,GUOTAI HAITONG SECURITIES CO LTD H,China,-0.35,0
1988.HK,CHINA MINSHENG BANKING CORP LTD H,China,-0.78,0
1766.HK,CRRC CORP LTD H,China,1.13,0
600026.SS,COSCO SHIPPING ENERGY TRANSPORTATI,China,-1.14,0
600028.SS,CHINA PETROLEUM & CHEMICAL CORP A,China,-3.18,0
0270.HK,GUANGDONG INVESTMENT LTD,China,-0.94,0
2018.HK,AAC TECHNOLOGIES HOLDINGS INC,China,-6.06,0
600276.SS,JIANGSU HENGRUI MEDICINE LTD A,China,-1.57,0
601166.SS,INDUSTRIAL BANK LTD A,China,-0.21,0
600309.SS,WANHUA CHEMICAL GROUP LTD A,China,-1.82,0
2268.HK,WUXI XDC CAYMAN INC,China,-2.31,0
003230.KS,SAM YANG FOODS INC,Korea (South),4.64,0
0144.HK,CHINA MERCHANTS PORT HOLDINGS LTD,China,-0.84,0
LUND-B.ST,LUNDBERGFORETAGEN CLASS B,Sweden,-1.55,0
3888.HK,KINGSOFT LTD,China,-3.28,0
0914.HK,ANHUI CONCH CEMENT LTD H,China,-0.18,0
0392.HK,BEIJING ENTERPRISES HOLDINGS LTD,China,-1.53,0
600703.SS,SANAN OPTOELECTRONICS LTD A,China,-0.36,0
0136.HK,CHINA RUYI HOLDINGS LTD,China,-2.99,0
2618.HK,JD LOGISTICS INC,China,-1.34,0
600332.SS,GUANGZHOU BAIYUNSHAN PHARMACEUTICA,China,-0.4,0
600989.SS,NINGXIA BAOFENG ENERGY GROUP LTD A,China,-2.63,0
1099.HK,SINOPHARM GROUP LTD H,China,0.1,0
0168.HK,TSINGTAO BREWERY LTD H,China,-0.82,0
0285.HK,BYD ELECTRONIC (INTERNATIONAL) LTD,China,-0.32,0
688012.SS,ADVANCED MICRO-FABRICATION EQUIPME,China,-1.53,0
1519.HK,J&T GLOBAL EXPRESS LTD,China,-2.16,0
HOLM-B.ST,HOLMEN CLASS B,Sweden,-0.73,0
0780.HK,TONGCHENG TRAVEL HOLDINGS LTD,China,-0.31,0
034220.KS,LG DISPLAY LTD,Korea (South),2.65,0
0390.HK,CHINA RAILWAY GROUP LTD H,China,-0.92,0
0004.HK,WHARF (HOLDINGS) LTD,Hong Kong,-0.08,0
2525.HK,HESAI GROUP CLASS B,China,-6.72,0
LATO-B.ST,LATOUR INVESTMENT CLASS B,Sweden,-1.5,0
010950.KS,S-OIL CORP,Korea (South),0.54,0
601088.SS,CHINA SHENHUA ENERGY LTD A,China,0.16,0
1772.HK,GANFENG LITHIUM LTD H,China,5.13,0
2883.HK,CHINA OILFIELD SERVICES LTD H,China,0.74,0
0322.HK,TINGYI (CAYMAN ISLANDS) HOLDINGS C,China,-0.64,0
INDU-A.ST,INDUSTRIVARDEN A,Sweden,-1.83,0
9880.HK,UBTECH ROBOTICS CORP LTD H,China,-2.85,0
601816.SS,BEIJING-SHANGHAI HIGH SPEED RAILWA,China,-0.78,0
1044.HK,HENGAN INTERNATIONAL GROUP LTD,China,0.59,0
0126Z0.KS,SAMSUNG EPIS HOLDINGS LTD,Korea (South),3.76,0
9863.HK,ZHEJIANG LEAPMOTOR TECHNOLOGY LTD,China,0.6,0
603986.SS,GIGADEVICE SEMICONDUCTOR INC A,China,-4.44,0
600000.SS,SHANGHAI PUDONG DEVELOPMENT BANK L,China,-0.39,0
0384.HK,CHINA GAS HOLDINGS LTD,China,0.0,0
601456.SS,GUOLIAN MINSHENG SECURITIES LTD A,China,-1.59,0
601658.SS,POSTAL SAVINGS BANK OF CHINA LTD A,China,-0.98,0
1929.HK,CHOW TAI FOOK JEWELLERY GROUP LTD,China,-1.06,0
0316.HK,ORIENT OVERSEAS (INTERNATIONAL) LT,China,-0.74,0
2380.HK,CHINA POWER INTERNATIONAL DEVELOPM,China,0.0,0
1357.HK,MEITU INC,China,-5.27,0
0763.HK,ZTE CORP H,China,-2.09,0
600674.SS,SICHUAN CHUANTOU ENERGY LTD A,China,0.84,0
600600.SS,TSINGTAO BREWERY LTD A,China,-0.51,0
600089.SS,TBEA LTD A,China,-0.46,0
3800.HK,GCL TECHNOLOGY HOLDINGS LTD,China,-1.0,0
600188.SS,YANKUANG ENERGY GROUP LTD A,China,1.94,0
601601.SS,CHINA PACIFIC INSURANCE (GROUP) LT,China,-1.51,0
1193.HK,CHINA RESOURCES GAS GROUP LTD,China,-0.74,0
090430.KS,AMOREPACIFIC CORP,Korea (South),4.53,0
3323.HK,CHINA NATIONAL BUILDING MATERIAL L,China,-1.33,0
161390.KS,HANKOOK TIRE & TECHNOLOGY LTD,Korea (South),0.7,0
600031.SS,SANY HEAVY INDUSTRY LTD A,China,-1.67,0
600489.SS,ZHONGJIN GOLD CORP LTD A,China,-2.32,0
323410.KS,KAKAOBANK CORP,Korea (South),1.83,0
603288.SS,FOSHAN HAI TIAN FLAVOURING & FOOD,China,-0.94,0
0916.HK,CHINA LONGYUAN POWER GROUP CORP LT,China,-0.38,0
2588.HK,BOC AVIATION LTD,China,0.26,0
6990.HK,SICHUAN KELUN-BIOTECH BIOPHARMACEU,China,-3.38,0
600905.SS,CHINA THREE GORGES RENEWABLES(GROU,China,0.23,0
603259.SS,WUXI APPTEC LTD A,China,-0.74,0
600887.SS,INNER MONGOLIA YILI INDUSTRIAL GRO,China,-0.19,0
000001.SS,PING AN BANK LTD A,China,-1.24,0
0177.HK,JIANGSU EXPRESSWAY LTD H,China,-0.81,0
0968.HK,XINYI SOLAR HOLDINGS LTD,China,3.3,0
1585.HK,YADEA GROUP HOLDINGS LTD,China,-2.85,0
047050.KS,POSCO INTERNATIONAL CORP,Korea (South),7.24,0
601336.SS,NEW CHINA LIFE INSURANCE LTD A,China,-2.16,0
600809.SS,SHANXI XINGHUACUN FEN WINE FACTORY,China,-1.46,0
601229.SS,BANK OF SHANGHAI LTD A,China,-0.8,0
688008.SS,MONTAGE TECHNOLOGY LTD A,China,-3.19,0
601881.SS,CHINA GALAXY SECURITIES LTD A,China,-1.01,0
600019.SS,BAOSHAN IRON & STEEL LTD A,China,-0.3,0
601225.SS,SHAANXI COAL INDUSTRY LTD A,China,2.03,0
600150.SS,CHINA CSSC HOLDINGS LTD A,China,-2.96,0
600549.SS,XIAMEN TUNGSTEN LTD A,China,-1.81,0
601857.SS,PETROCHINA LTD A,China,-1.92,0
0960.HK,LONGFOR GROUP HOLDINGS LTD,China,-1.04,0
6969.HK,SMOORE INTERNATIONAL HOLDINGS LTD,China,-1.1,0
2026.HK,PONY AI INC,China,-3.67,0
601818.SS,CHINA EVERBRIGHT BANK LTD A,China,-0.91,0
601012.SS,LONGI GREEN ENERGY TECHNOLOGY LTD,China,2.54,0
601100.SS,JIANGSU HENGLI HYDRAULIC LTD A,China,-0.55,0
600886.SS,SDIC POWER HOLDINGS LTD A,China,-0.34,0
600111.SS,CHINA NORTHERN RARE EARTH (GROUP),China,-1.33,0
601985.SS,CHINA NATIONAL NUCLEAR POWER LTD A,China,0.11,0
600919.SS,BANK OF JIANGSU CORPORATION LTD A,China,0.0,0
180640.KS,HANJIN KAL,Korea (South),1.56,0
3998.HK,BOSIDENG INTERNATIONAL LTD,China,-0.24,0
601939.SS,CHINA CONSTRUCTION BANK CORP A,China,0.43,0
9995.HK,REMEGEN LTD H,China,-2.2,0
326030.KS,SK BIOPHARMACEUTICALS LTD,Korea (South),1.13,0
601988.SS,BANK OF CHINA LTD A,China,-0.36,0
003490.KS,KOREAN AIR LINES LTD,Korea (South),7.33,0
024110.KS,INDUSTRIAL BANK OF KOREA,Korea (South),1.69,0
6186.HK,CHINA FEIHE LTD,China,-1.06,0
600487.SS,HENGTONG OPTIC ELECTRIC LTD A,China,-0.3,0
1548.HK,GENSCRIPT BIOTECH CORP,China,-1.51,0
6181.HK,LAOPU GOLD LTD H,China,-4.23,0
600795.SS,GD POWER DEVELOPMENT LTD A,China,0.4,0
005940.KS,NH INVESTMENT & SECURITIES LTD,Korea (South),6.59,0
600183.SS,SHENGYI TECHNOLOGY LTD A,China,-0.63,0
443060.KS,HD HYUNDAI MARINE SOLUTION LTD,Korea (South),2.53,0
1882.HK,HAITIAN INTERNATIONAL LTD,China,-0.27,0
600016.SS,CHINA MINSHENG BANKING CORP LTD A,China,-0.78,0
688072.SS,PIOTECH INC A,China,4.3,0
600346.SS,HENGLI PETROCHEMICAL LTD A,China,-2.73,0
600418.SS,ANHUI JIANGHUAI AUTOMOBILE CORP LT,China,-1.82,0
601888.SS,CHINA TOURISM GROUP DUTY FREE CORP,China,-0.5,0
600050.SS,CHINA UNITED NETWORK COMMUNICATION,China,-5.44,0
600585.SS,ANHUI CONCH CEMENT LTD A,China,-1.95,0
600436.SS,ZHANGZHOU PIENTZEHUANG PHARMACEUTI,China,-0.46,0
688396.SS,CHINA RESOURCES MICROELECTRONICS L,China,-1.22,0
1776.HK,GF SECURITIES LTD H,China,2.7,0
601668.SS,CHINA STATE CONSTRUCTION ENGINEERI,China,-0.99,0
3311.HK,CHINA STATE CONSTRUCTION INTERNATI,China,-0.89,0
3618.HK,CHONGQING RURAL COMMERCIAL BANK LT,China,1.75,0
601628.SS,CHINA LIFE INSURANCE LTD A,China,-1.58,0
605499.SS,EASTROC BEVERAGE (GROUP) LTD A,China,-0.81,0
603799.SS,ZHEJIANG HUAYOU COBALT LTD A,China,1.59,0
600015.SS,HUA XIA BANK LTD A,China,0.7,0
0772.HK,CHINA LITERATURE LTD,China,-4.59,0
688521.SS,VERISILICON MICROELECTRONICS (SHAN,China,-0.01,0
600196.SS,SHANGHAI FOSUN PHARMACEUTICAL (GRO,China,-1.58,0
9896.HK,MINISO GROUP HOLDING LTD,China,-1.32,0
601009.SS,BANK OF NANJING LTD A,China,-0.87,0
005385.KS,HYUNDAI MOTOR S1 PREF,Korea (South),-1.49,0
3360.HK,FAR EAST HORIZON LTD,China,-1.93,0
600926.SS,BANK OF HANGZHOU LTD A,China,-0.48,0
2228.HK,XTALPI HOLDINGS LTD,China,-0.73,0
688111.SS,BEIJING KINGSOFT OFFICE SOFTWARE I,China,-3.05,0
2357.HK,AVICHINA INDUSTRY & TECHNOLOGY LTD,China,-2.47,0
603501.SS,OMNIVISION INTEGRATED CIRCUITS GRO,China,-2.16,0
600115.SS,CHINA EASTERN AIRLINES CORP LTD A,China,-1.81,0
1066.HK,SHANDONG WEIGAO GP MEDICAL POLYMER,China,-1.08,0
601169.SS,BANK OF BEIJING LTD A,China,-0.73,0
600958.SS,ORIENT SECURITIES LTD A,China,-1.56,0
601766.SS,CRRC CORP LTD A,China,1.28,0
1908.HK,C D INTERNATIONAL INVESTMENT GROUP,China,-2.39,0
900948.SS,INNER MONGOLIA YITAI COAL LTD B,China,-2.94,0
600438.SS,TONGWEI LTD A,China,1.99,0
601727.SS,SHANGHAI ELECTRIC GROUP LTD A,China,-2.46,0
601066.SS,CHINA SECURITIES LTD A,China,-1.83,0
601689.SS,NINGBO TUOPU GROUP CLS LTD A,China,-2.2,0
601127.SS,SERES GROUP LTD A,China,-1.13,0
1258.HK,CHINA NONFERROUS MINING CORPORATIO,China,0.36,0
688271.SS,SHANGHAI UNITED IMAGING HEALTHCARE,China,-1.53,0
601006.SS,DAQIN RAILWAY LTD A,China,0.76,0
600690.SS,HAIER SMART HOME LTD A,China,-0.16,0
600160.SS,ZHEJIANG JU HUA LTD A,China,-2.45,0
9899.HK,NETEASE CLOUD MUSIC INC,China,-2.21,0
2367.HK,GIANT BIOGENE HOLDING LTD,China,-0.52,0
600085.SS,BEIJING TONGRENTANG LTD A,China,-0.54,0
600104.SS,SAIC MOTOR CORP LTD A,China,0.0,0
032640.KS,LG UPLUS CORP,Korea (South),1.28,0
LEGN,LEGEND BIOTECH ADR REP CORP,China,-2.57,0
603893.SS,ROCKCHIP ELECTRONICS LTD A,China,-3.0,0
688036.SS,SHENZHEN TRANSSION HOLDINGS LTD A,China,-0.76,0
600893.SS,AECC AVIATION POWER LTD A,China,-3.29,0
601825.SS,SHANGHAI RURAL COMMERCIAL BANK LTD,China,-0.34,0
2799.HK,CHINA CITIC FIN ASSET MGT LTD H,China,-1.35,0
600547.SS,SHANDONG GOLD-MINING LTD A,China,-2.36,0
688303.SS,XINJIANG DAQO NEW ENERGY LTD A,China,0.45,0
600673.SS,GUANGDONG HEC TECHNOLOGY HOLDING L,China,-7.48,0
688578.SS,SHANGHAI ALLIST PHARMACEUTICALS LT,China,-1.82,0
7489.HK,VOYAH AUTOMOTIVE TECHNOLOGY LTD CL,China,-2.46,0
000002.SS,CHINA VANKE LTD A,China,-1.24,0
688617.SS,APT MEDICAL INC A,China,-1.03,0
MSFT,MICROSOFT CORP,United States,-1.84,0
AMZN,AMAZON COM INC,United States,-1.62,0
NVDA,NVIDIA CORP,United States,-3.28,0
AAPL,APPLE INC,United States,-0.39,0
GOOGL,ALPHABET INC CLASS A,United States,-2.0,0
TSLA,TESLA INC,United States,-3.24,0
META,META PLATFORMS INC CLASS A,United States,-2.15,0
GOOG,ALPHABET INC CLASS C,United States,-2.27,0
AVGO,BROADCOM INC,United States,-2.92,0
2330.TW,TAIWAN SEMICONDUCTOR MANUFACTURING,Taiwan,-0.54,0
BRK-B,BERKSHIRE HATHAWAY INC CLASS B,United States,-0.11,0
JPM,JPMORGAN CHASE & CO,United States,-0.49,0
LLY,ELI LILLY,United States,-1.18,0
JNJ,JOHNSON & JOHNSON,United States,-0.94,0
XOM,EXXON MOBIL CORP,United States,0.95,0
ASML,ASML HOLDING NV,Netherlands,-3.6,0
MU,MICRON TECHNOLOGY INC,United States,-4.81,0
V,VISA INC CLASS A,United States,0.64,0
WMT,WALMART INC,United States,-1.71,0
COST,COSTCO WHOLESALE CORP,United States,-0.25,0
NFLX,NETFLIX INC,United States,0.09,0
MA,MASTERCARD INC CLASS A,United States,1.05,0
ABBV,ABBVIE INC,United States,-0.56,0
CVX,CHEVRON CORP,United States,0.14,0
PLTR,PALANTIR TECHNOLOGIES INC CLASS A,United States,-3.21,0
AMD,ADVANCED MICRO DEVICES INC,United States,-1.92,0
HD,HOME DEPOT INC,United States,-2.27,0
CAT,CATERPILLAR INC,United States,-1.13,0
PG,PROCTER & GAMBLE,United States,-0.39,0
BAC,BANK OF AMERICA CORP,United States,0.32,0
CSCO,CISCO SYSTEMS INC,United States,-1.1,0
LRCX,LAM RESEARCH CORP,United States,-2.41,0
KO,COCA-COLA,United States,-1.06,0
GE,GE AEROSPACE,United States,-1.65,0
AZN,ASTRAZENECA PLC,United Kingdom,-2.82,0
AMAT,APPLIED MATERIAL INC,United States,-0.04,0
NOVN.SW,NOVARTIS AG,Switzerland,-1.1,0
SHEL.L,SHELL PLC,United Kingdom,-0.78,0
MRK,MERCK & CO INC,United States,-0.02,0
HSBA.L,HSBC HOLDINGS PLC,United Kingdom,-2.34,0
ORCL,ORACLE CORP,United States,-3.76,0
PM,PHILIP MORRIS INTERNATIONAL INC,United States,-0.16,0
UNH,UNITEDHEALTH GROUP INC,United States,-1.73,0
RTX,RTX CORP,United States,-1.28,0
GEV,GE VERNOVA INC,United States,-3.0,0
NESN.SW,NESTLE LTD,Switzerland,-1.0,0
GS,GOLDMAN SACHS GROUP INC,United States,0.5,0
WFC,WELLS FARGO,United States,1.58,0
IBM,INTERNATIONAL BUSINESS MACHINES CO,United States,-3.43,0
RY,ROYAL BANK OF CANADA,Canada,-0.7,0
INTC,INTEL CORPORATION CORP,United States,-5.0,0
MCD,MCDONALDS CORP,United States,-0.24,0
CBA.AX,COMMONWEALTH BANK OF AUSTRALIA,Australia,-0.97,0
LIN,LINDE PLC,United States,-0.34,0
KLAC,KLA CORP,United States,-0.85,0
7203.T,TOYOTA MOTOR CORP,Japan,-2.32,0
VZ,VERIZON COMMUNICATIONS INC,United States,1.01,0
C,CITIGROUP INC,United States,-0.3,0
PEP,PEPSICO INC,United States,-1.77,0
8306.T,MITSUBISHI UFJ FINANCIAL GROUP INC,Japan,-1.65,0
SAP,SAP,Germany,-4.98,0
AMGN,AMGEN INC,United States,-0.61,0
NEE,NEXTERA ENERGY INC,United States,-3.15,0
T,AT&T INC,United States,2.05,0
CRM,SALESFORCE INC,United States,0.2,0
MS,MORGAN STANLEY,United States,1.84,0
ABT,ABBOTT LABORATORIES,United States,-1.61,0
SIE.DE,SIEMENS N AG,Germany,-3.11,0
TTE.PA,TOTALENERGIES,France,-2.07,0
TMO,THERMO FISHER SCIENTIFIC INC,United States,0.89,0
BHP.AX,BHP GROUP LTD,Australia,-1.82,0
DIS,WALT DISNEY,United States,0.31,0
TXN,TEXAS INSTRUMENT INC,United States,-0.58,0
GILD,GILEAD SCIENCES INC,United States,-2.76,0
APH,AMPHENOL CORP CLASS A,United States,-2.99,0
TJX,TJX INC,United States,0.19,0
SAN.MC,BANCO SANTANDER SA,Spain,-1.12,0
AXP,AMERICAN EXPRESS,United States,0.19,0
ISRG,INTUITIVE SURGICAL INC,United States,-0.41,0
SCHW,CHARLES SCHWAB CORP,United States,0.71,0
PFE,PFIZER INC,United States,-1.61,0
BA,BOEING,United States,-3.01,0
TD,TORONTO DOMINION,Canada,-1.69,0
ALV.DE,ALLIANZ,Germany,-1.59,0
UBER,UBER TECHNOLOGIES INC,United States,-1.92,0
SHOP,SHOPIFY SUBORDINATE VOTING INC CLA,Canada,-4.57,0
ADI,ANALOG DEVICES INC,United States,-0.33,0
SU,SCHNEIDER ELECTRIC,France,0.62,0
COP,CONOCOPHILLIPS,United States,0.71,0
BLK,BLACKROCK INC,United States,-1.21,0
ANET,ARISTA NETWORKS INC,United States,-3.7,0
DE,DEERE,United States,-1.38,0
6501.T,HITACHI LTD,Japan,-0.41,0
HON,HONEYWELL INTERNATIONAL INC,United States,-3.29,0
QCOM,QUALCOMM INC,United States,-1.05,0
WELL,WELLTOWER INC,United States,-4.93,0
IBE.MC,IBERDROLA SA,Spain,-1.97,0
UNP,UNION PACIFIC CORP,United States,0.32,0
ETN,EATON PLC,United States,-0.95,0
PANW,PALO ALTO NETWORKS INC,United States,-4.0,0
BKNG,BOOKING HOLDINGS INC,United States,0.69,0
DTE.DE,DEUTSCHE TELEKOM N AG,Germany,-1.65,0
RR.L,ROLLS-ROYCE HOLDINGS PLC,United Kingdom,-2.44,0
LMT,LOCKHEED MARTIN CORP,United States,-1.58,0
ENR.DE,SIEMENS ENERGY N AG,Germany,-3.4,0
SPGI,S&P GLOBAL INC,United States,-0.4,0
ABBN.SW,ABB LTD,Switzerland,-2.1,0
ULVR.L,UNILEVER PLC,United Kingdom,0.47,0
MC.PA,LVMH,France,-0.5,0
6758.T,SONY GROUP CORP,Japan,-0.46,0
INTU,INTUIT INC,United States,0.07,0
ACN,ACCENTURE PLC CLASS A,United States,-1.75,0
BATS.L,BRITISH AMERICAN TOBACCO,United Kingdom,-1.01,0
LOW,LOWES COMPANIES INC,United States,-2.21,0
CB,CHUBB LTD,United States,-0.33,0
8316.T,SUMITOMO MITSUI FINANCIAL GROUP IN,Japan,-1.9,0
PLD,PROLOGIS REIT INC,United States,-2.35,0
SAF.PA,SAFRAN SA,France,-3.96,0
DHR,DANAHER CORP,United States,-0.4,0
BP.L,BP PLC,United Kingdom,-3.58,0
UBSG.SW,UBS GROUP AG,Switzerland,-0.65,0
NOW,SERVICENOW INC,United States,-2.55,0
BBVA.MC,BANCO BILBAO VIZCAYA ARGENTARIA SA,Spain,0.06,0
PGR,PROGRESSIVE CORP,United States,1.64,0
VRTX,VERTEX PHARMACEUTICALS INC,United States,-0.88,0
SYK,STRYKER CORP,United States,-1.2,0
NOVO-B.CO,NOVO NORDISK CLASS B,Denmark,-0.19,0
ENB,ENBRIDGE INC,Canada,-1.13,0
BMY,BRISTOL MYERS SQUIBB,United States,-1.08,0
COF,CAPITAL ONE FINANCIAL CORP,United States,0.96,0
6857.T,ADVANTEST CORP,Japan,-4.58,0
PH,PARKER-HANNIFIN CORP,United States,-0.62,0
AIR.PA,AIRBUS GROUP,France,-1.85,0
MCK,MCKESSON CORP,United States,-1.46,0
AI.PA,LAIR LIQUIDE SOCIETE ANONYME POUR,France,-0.62,0
CME,CME GROUP INC CLASS A,United States,-1.09,0
8035.T,TOKYO ELECTRON LTD,Japan,-2.38,0
MDT,MEDTRONIC PLC,United States,-0.82,0
MO,ALTRIA GROUP INC,United States,-0.92,0
CRWD,CROWDSTRIKE HOLDINGS INC CLASS A,United States,-4.48,0
8058.T,MITSUBISHI CORP,Japan,-5.51,0
WDC,WESTERN DIGITAL CORP,United States,-7.52,0
NEM,NEWMONT,United States,-3.43,0
GLW,CORNING INC,United States,-6.39,0
CNQ,CANADIAN NATURAL RESOURCES LTD,Canada,-3.03,0
SBUX,STARBUCKS CORP,United States,-3.42,0
SO,SOUTHERN,United States,-2.95,0
CMCSA,COMCAST CORP CLASS A,United States,0.14,0
TMUS,T MOBILE US INC,United States,0.91,0
BSX,BOSTON SCIENTIFIC CORP,United States,-0.59,0
APP,APPLOVIN CORP CLASS A,United States,0.56,0
ADBE,ADOBE INC,United States,0.88,0
ZURN.SW,ZURICH INSURANCE GROUP AG,Switzerland,-0.77,0
GSK.L,GLAXOSMITHKLINE,United Kingdom,-0.28,0
BNP.PA,BNP PARIBAS SA,France,-2.79,0
SAN.PA,SANOFI SA,France,-0.46,0
DUK,DUKE ENERGY CORP,United States,-2.26,0
NAB.AX,NATIONAL AUSTRALIA BANK LTD,Australia,-2.25,0
UCG.MI,UNICREDIT,Italy,-3.84,0
WBC.AX,WESTPAC BANKING CORPORATION CORP,Australia,-1.05,0
CEG,CONSTELLATION ENERGY CORP,United States,-10.9,0
7011.T,MITSUBISHI HEAVY INDUSTRIES LTD,Japan,-3.04,0
RIO.L,RIO TINTO PLC,United Kingdom,-1.45,0
NOC,NORTHROP GRUMMAN CORP,United States,-1.01,0
VRT,VERTIV HOLDINGS CLASS A,United States,-4.94,0
HDFCBANK.NS,HDFC BANK LTD,India,-2.22,0
BMO,BANK OF MONTREAL,Canada,-2.04,0
8411.T,MIZUHO FINANCIAL GROUP INC,Japan,-2.69,0
8031.T,MITSUI LTD,Japan,-6.14,0
EQIX,EQUINIX REIT INC,United States,-1.6,0
WM,WASTE MANAGEMENT INC,United States,-1.11,0
STX,SEAGATE TECHNOLOGY HOLDINGS PLC,United States,-5.38,0
AEM.TO,AGNICO EAGLE MINES LTD,Canada,-2.02,0
OR.PA,LOREAL SA,France,0.7,0
CFR.SW,COMPAGNIE FINANCIERE RICHEMONT SA,Switzerland,-0.53,0
D05.SI,DBS GROUP HOLDINGS LTD,Singapore,-0.12,0
CVS,CVS HEALTH CORP,United States,-0.53,0
BA.L,BAE SYSTEMS PLC,United Kingdom,-2.51,0
TT,TRANE TECHNOLOGIES PLC,United States,-3.0,0
ICE,INTERCONTINENTAL EXCHANGE INC,United States,-0.04,0
CM.TO,CANADIAN IMPERIAL BANK OF COMMERCE,Canada,-1.48,0
RELIANCE.NS,RELIANCE INDUSTRIES LTD,India,2.14,0
ENEL.MI,ENEL,Italy,-3.2,0
WMB,WILLIAMS INC,United States,-2.23,0
PWR,QUANTA SERVICES INC,United States,-3.9,0
BNS,BANK OF NOVA SCOTIA,Canada,-0.87,0
AMT,AMERICAN TOWER REIT CORP,United States,-3.27,0
2308.TW,DELTA ELECTRONICS INC,Taiwan,1.37,0
HWM,HOWMET AEROSPACE INC,United States,-0.74,0
BX,BLACKSTONE INC,United States,-2.68,0
9984.T,SOFTBANK GROUP CORP,Japan,-5.12,0
ADP,AUTOMATIC DATA PROCESSING INC,United States,-0.94,0
MRSH,MARSH INC,United States,3.26,0
NG.L,NATIONAL GRID PLC,United Kingdom,-3.07,0
ISP.MI,INTESA SANPAOLO,Italy,-2.21,0
JCI,JOHNSON CONTROLS INTERNATIONAL PLC,United States,-2.66,0
RHM.DE,RHEINMETALL AG,Germany,-3.03,0
USB,US BANCORP,United States,-0.1,0
GD,GENERAL DYNAMICS CORP,United States,-1.1,0
SNPS,SYNOPSYS INC,United States,-1.85,0
HCA,HCA HEALTHCARE INC,United States,-1.15,0
2317.TW,HON HAI PRECISION INDUSTRY LTD,Taiwan,-0.98,0
MUV2.DE,MUENCHENER RUECKVERSICHERUNGS-GESE,Germany,-1.66,0
BN.TO,BROOKFIELD CORP CLASS A,Canada,-2.2,0
FDX,FEDEX CORP,United States,0.77,0
2454.TW,MEDIATEK INC,Taiwan,1.19,0
BK,BANK OF NEW YORK MELLON CORP,United States,0.03,0
PNC,PNC FINANCIAL SERVICES GROUP INC,United States,-0.17,0
CS.PA,AXA SA,France,-1.93,0
CDNS,CADENCE DESIGN SYSTEMS INC,United States,-1.22,0
REGN,REGENERON PHARMACEUTICALS INC,United States,-0.62,0
ANZ.AX,ANZ GROUP HOLDINGS LTD,Australia,-1.13,0
SU,SUNCOR ENERGY INC,Canada,0.62,0
MSI,MOTOROLA SOLUTIONS INC,United States,-1.48,0
FCX,FREEPORT MCMORAN INC,United States,-2.85,0
8001.T,ITOCHU CORP,Japan,-5.07,0
9983.T,FAST RETAILING LTD,Japan,-3.68,0
CMI,CUMMINS INC,United States,-1.24,0
BARC.L,BARCLAYS PLC,United Kingdom,-2.02,0
ORLY,OREILLY AUTOMOTIVE INC,United States,-0.69,0
MELI,MERCADOLIBRE INC,United States,-1.87,0
INGA.AS,ING GROEP NV,Netherlands,-1.28,0
DG.PA,VINCI SA,France,-1.74,0
VLO,VALERO ENERGY CORP,United States,-0.91,0
MRVL,MARVELL TECHNOLOGY INC,United States,-1.81,0
MDLZ,MONDELEZ INTERNATIONAL INC CLASS A,United States,-0.5,0
SHW,SHERWIN WILLIAMS,United States,-2.21,0
EMR,EMERSON ELECTRIC,United States,-1.35,0
PSX,PHILLIPS,United States,-1.61,0
MAR,MARRIOTT INTERNATIONAL INC CLASS A,United States,-1.58,0
LLOY.L,LLOYDS BANKING GROUP PLC,United Kingdom,-2.16,0
MMM,3M,United States,-1.06,0
ITW,ILLINOIS TOOL INC,United States,-1.13,0
EOG,EOG RESOURCES INC,United States,-0.06,0
MPC,MARATHON PETROLEUM CORP,United States,-1.38,0
6861.T,KEYENCE CORP,Japan,-2.59,0
UPS,UNITED PARCEL SERVICE INC CLASS B,United States,-0.72,0
CSX,CSX CORP,United States,-0.83,0
MCO,MOODYS CORP,United States,-0.16,0
NET,CLOUDFLARE INC CLASS A,United States,-2.68,0
8766.T,TOKIO MARINE HOLDINGS INC,Japan,-0.64,0
RCL,ROYAL CARIBBEAN GROUP LTD,United States,-3.07,0
CP,CANADIAN PACIFIC KANSAS CITY LTD,Canada,-0.28,0
CI,CIGNA,United States,-0.65,0
ICICIBANK.NS,ICICI BANK LTD,India,-0.38,0
4063.T,SHIN ETSU CHEMICAL LTD,Japan,-5.16,0
SLB,SLB NV,United States,-2.49,0
LHX,L3HARRIS TECHNOLOGIES INC,United States,-2.98,0
AEP,AMERICAN ELECTRIC POWER INC,United States,-2.38,0
GM,GENERAL MOTORS,United States,-1.33,0
GLEN.L,GLENCORE PLC,United Kingdom,0.37,0
HLT,HILTON WORLDWIDE HOLDINGS INC,United States,-1.76,0
ABI.BR,ANHEUSER-BUSCH INBEV SA,Belgium,-1.96,0
ROST,ROSS STORES INC,United States,0.25,0
TDG,TRANSDIGM GROUP INC,United States,-1.22,0
CRH,CRH PUBLIC LIMITED PLC,United States,-0.54,0
KMI,KINDER MORGAN INC,United States,-1.79,0
EL.PA,ESSILORLUXOTTICA SA,France,-1.99,0
6503.T,MITSUBISHI ELECTRIC CORP,Japan,-2.77,0
TRP.TO,TC ENERGY CORP,Canada,-1.45,0
WBD,WARNER BROS. DISCOVERY INC SERIES,United States,-0.76,0
7974.T,NINTENDO LTD,Japan,-1.27,0
CL,COLGATE-PALMOLIVE,United States,-0.44,0
TRV,TRAVELERS COMPANIES INC,United States,-0.08,0
ELV,ELEVANCE HEALTH INC,United States,0.11,0
ABX.TO,BARRICK MINING CORP,Canada,-2.8,0
AON,AON PLC CLASS A,United States,2.73,0
NKE,NIKE INC CLASS B,United States,-2.0,0
ECL,ECOLAB INC,United States,-0.86,0
APD,AIR PRODUCTS AND CHEMICALS INC,United States,-1.11,0
CTAS,CINTAS CORP,United States,-1.37,0
ITX.MC,INDUSTRIA DE DISENO TEXTIL SA,Spain,-0.47,0
NSC,NORFOLK SOUTHERN CORP,United States,1.04,0
LNG,CHENIERE ENERGY INC,United States,-0.35,0
DASH,DOORDASH INC CLASS A,United States,-1.65,0
COR,CENCORA INC,United States,-1.46,0
DLR,DIGITAL REALTY TRUST REIT INC,United States,-3.64,0
SPG,SIMON PROPERTY GROUP REIT INC,United States,-3.55,0
REL.L,RELX PLC,United Kingdom,-0.72,0
PRX.AS,PROSUS NV CLASS N,Netherlands,-1.28,0
7741.T,HOYA CORP,Japan,-1.24,0
RMS.PA,HERMES INTERNATIONAL,France,-4.94,0
SRE,SEMPRA,United States,-3.71,0
PCAR,PACCAR INC,United States,-1.41,0
CIEN,CIENA CORP,United States,-6.95,0
4502.T,TAKEDA PHARMACEUTICAL LTD,Japan,-1.74,0
O,REALTY INCOME REIT CORP,United States,-2.7,0
BKR,BAKER HUGHES CLASS A,United States,-0.59,0
WES.AX,WESFARMERS LTD,Australia,-0.83,0
TEL,TE CONNECTIVITY PLC,United States,-1.29,0
VST,VISTRA CORP,United States,-12.76,0
SNOW,SNOWFLAKE INC,United States,-4.21,0
TFC,TRUIST FINANCIAL CORP,United States,0.64,0
MFC.TO,MANULIFE FINANCIAL CORP,Canada,-0.26,0
KKR,KKR AND CO INC,United States,-0.66,0
ENI.MI,ENI,Italy,-1.32,0
OKE,ONEOK INC,United States,0.93,0
NDA-FI.HE,NORDEA BANK,Finland,-1.89,0
AZO,AUTOZONE INC,United States,-1.76,0
ABNB,AIRBNB INC CLASS A,United States,-1.74,0
HOOD,ROBINHOOD MARKETS INC CLASS A,United States,-4.41,0
6098.T,RECRUIT HOLDINGS LTD,Japan,-3.39,0
O39.SI,OVERSEA-CHINESE BANKING LTD,Singapore,-0.6,0
IFX.DE,INFINEON TECHNOLOGIES AG,Germany,1.48,0
MNST,MONSTER BEVERAGE CORP,United States,-0.07,0
ENGI.PA,ENGIE SA,France,-2.86,0
AJG,ARTHUR J GALLAGHER,United States,2.45,0
LSEG.L,LONDON STOCK EXCHANGE GROUP PLC,United Kingdom,0.51,0
LITE,LUMENTUM HOLDINGS INC,United States,-8.52,0
VALE3.SA,CIA VALE DO RIO DOCE SH,Brazil,-1.41,0
WPM.TO,WHEATON PRECIOUS METALS CORP,Canada,-5.59,0
DB1.DE,DEUTSCHE BOERSE AG,Germany,-2.37,0
ALL,ALLSTATE CORP,United States,0.76,0
NWG.L,NATWEST GROUP PLC,United Kingdom,-2.62,0
FTNT,FORTINET INC,United States,-2.07,0
CTVA,CORTEVA INC,United States,-0.95,0
1120.SR,AL RAJHI BANK,Saudi Arabia,-0.49,0
MPWR,MONOLITHIC POWER SYSTEMS INC,United States,-2.18,0
DBK.DE,DEUTSCHE BANK AG,Germany,-1.55,0
CNR,CANADIAN NATIONAL RAILWAY,Canada,0.07,0
ADSK,AUTODESK INC,United States,0.14,0
TRGP,TARGA RESOURCES CORP,United States,-0.89,0
AFL,AFLAC INC,United States,-0.89,0
GLE.PA,SOCIETE GENERALE SA,France,-4.24,0
KEYS,KEYSIGHT TECHNOLOGIES INC,United States,-4.37,0
ZTS,ZOETIS INC CLASS A,United States,-0.28,0
FIX,COMFORT SYSTEMS USA INC,United States,-6.08,0
TGT,TARGET CORP,United States,-1.06,0
EOAN.DE,E.ON N,Germany,-4.22,0
DELL,DELL TECHNOLOGIES INC CLASS C,United States,0.58,0
FAST,FASTENAL,United States,-1.64,0
D,DOMINION ENERGY INC,United States,-2.69,0
APO,APOLLO GLOBAL MANAGEMENT INC,United States,0.57,0
BN.PA,DANONE SA,France,-1.33,0
DSV.CO,DSV,Denmark,-2.28,0
MQG.AX,MACQUARIE GROUP LTD DEF,Australia,-0.56,0
SREN.SW,SWISS RE AG,Switzerland,-1.12,0
AME,AMETEK INC,United States,-1.01,0
EXC,EXELON CORP,United States,-3.27,0
BHARTIARTL.NS,BHARTI AIRTEL LTD,India,1.05,0
9433.T,KDDI CORP,Japan,-0.71,0
NXPI,NXP SEMICONDUCTORS NV,United States,-0.51,0
CAH,CARDINAL HEALTH INC,United States,-1.47,0
8002.T,MARUBENI CORP,Japan,-5.83,0
EA,ELECTRONIC ARTS INC,United States,-0.09,0
TER,TERADYNE INC,United States,-3.83,0
XEL,XCEL ENERGY INC,United States,-3.47,0
GWW,WW GRAINGER INC,United States,-0.11,0
EW,EDWARDS LIFESCIENCES CORP,United States,0.05,0
RSG,REPUBLIC SERVICES INC,United States,-1.67,0
ETR,ENTERGY CORP,United States,-3.89,0
DHL.DE,DEUTSCHE POST AG,Germany,0.14,0
IDXX,IDEXX LABORATORIES INC,United States,-0.45,0
CABK.MC,CAIXABANK SA,Spain,-1.48,0
BAS.DE,BASF N,Germany,-0.28,0
CPG.L,COMPASS GROUP PLC,United Kingdom,0.38,0
CCO.TO,CAMECO CORP,Canada,-4.28,0
F,FORD MOTOR CO,United States,-1.03,0
URI,UNITED RENTALS INC,United States,-1.32,0
CSL.AX,CSL LTD,Australia,2.88,0
ITUB4.SA,ITAU UNIBANCO HOLDING PREF SA,Brazil,-1.61,0
BDX,BECTON DICKINSON,United States,-1.53,0
5802.T,SUMITOMO ELECTRIC INDUSTRIES LTD,Japan,-0.57,0
CMG,CHIPOTLE MEXICAN GRILL INC,United States,1.31,0
2914.T,JAPAN TOBACCO INC,Japan,-1.98,0
PSA,PUBLIC STORAGE REIT,United States,-4.16,0
WDS.AX,WOODSIDE ENERGY GROUP LTD,Australia,1.01,0
KR,KROGER,United States,-0.76,0
COIN,COINBASE GLOBAL INC CLASS A,United States,-2.67,0
YUM,YUM BRANDS INC,United States,0.1,0
CARR,CARRIER GLOBAL CORP,United States,-1.53,0
RKT.L,RECKITT BENCKISER GROUP PLC,United Kingdom,-0.82,0
FERG,FERGUSON ENTERPRISES INC,United States,-0.07,0
TSCO.L,TESCO PLC,United Kingdom,-1.45,0
FNV.TO,FRANCO NEVADA CORP,Canada,-3.68,0
INFY.NS,INFOSYS LTD,India,2.88,0
PETR4.SA,PETROLEO BRASILEIRO PREF SA,Brazil,-2.37,0
LONN.SW,LONZA GROUP AG,Switzerland,-1.39,0
COHR,COHERENT CORP,United States,-7.96,0
HLN.L,HALEON PLC,United Kingdom,-0.92,0
BAYN.DE,BAYER AG,Germany,-0.21,0
SSE.L,SSE PLC,United Kingdom,-3.02,0
OXY,OCCIDENTAL PETROLEUM CORP,United States,1.9,0
2222.SR,SAUDI ARABIAN OIL,Saudi Arabia,-0.15,0
LR.PA,LEGRAND SA,France,-2.7,0
RWE.DE,RWE AG,Germany,-2.74,0
NOKIA.HE,NOKIA,Finland,-2.59,0
STAN.L,STANDARD CHARTERED PLC,United Kingdom,0.07,0
AAL.L,ANGLO AMERICAN PLC,United Kingdom,-3.04,0
MSCI,MSCI INC,United States,-0.65,0
AD.AS,KONINKLIJKE AHOLD DELHAIZE NV,Netherlands,-0.85,0
MBG.DE,MERCEDES-BENZ GROUP N AG,Germany,-1.51,0
NPN.JO,NASPERS LIMITED LTD CLASS N,South Africa,-0.41,0
ALNY,ALNYLAM PHARMACEUTICALS INC,United States,0.34,0
ARGX.BR,ARGENX,Belgium,-1.42,0
ANG.JO,ANGLOGOLD ASHANTI PLC,South Africa,-0.19,0
WAB,WESTINGHOUSE AIR BRAKE TECHNOLOGIE,United States,-0.46,0
HOLN.SW,HOLCIM LTD AG,Switzerland,1.69,0
DDOG,DATADOG INC CLASS A,United States,-3.74,0
WCN,WASTE CONNECTIONS INC,United States,-1.36,0
CBRE,CBRE GROUP INC CLASS A,United States,-0.92,0
ROK,ROCKWELL AUTOMATION INC,United States,-0.17,0
PCG,PG&E CORP,United States,-4.78,0
EBAY,EBAY INC,United States,-1.94,0
6146.T,DISCO CORP,Japan,-1.56,0
EQT,EQT CORP,United States,-0.02,0
ED,CONSOLIDATED EDISON INC,United States,-2.01,0
ATD.TO,ALIMENTATION COUCHE TARD INC,Canada,-0.47,0
DGE.L,DIAGEO PLC,United Kingdom,-0.14,0
9434.T,SOFTBANK CORP,Japan,-0.87,0
8053.T,SUMITOMO CORP,Japan,-4.87,0
5803.T,FUJIKURA LTD,Japan,-1.46,0
6981.T,MURATA MANUFACTURING LTD,Japan,-2.5,0
PYPL,PAYPAL HOLDINGS INC,United States,-0.41,0
VTR,VENTAS REIT INC,United States,-3.57,0
MET,METLIFE INC,United States,-0.07,0
FITB,FIFTH THIRD BANCORP,United States,1.21,0
AIG,AMERICAN INTERNATIONAL GROUP INC,United States,0.68,0
CVNA,CARVANA CLASS A,United States,-4.39,0
GRMN,GARMIN LTD,United States,-1.17,0
RACE.MI,FERRARI NV,Italy,-0.18,0
AMP,AMERIPRISE FINANCE INC,United States,1.12,0
PEG,PUBLIC SERVICE ENTERPRISE GROUP IN,United States,-4.03,0
TTWO,TAKE TWO INTERACTIVE SOFTWARE INC,United States,-0.56,0
DOL.TO,DOLLARAMA INC,Canada,-1.55,0
NDAQ,NASDAQ INC,United States,0.08,0
PRU.L,PRUDENTIAL PLC,United Kingdom,-0.56,0
6752.T,PANASONIC HOLDINGS CORP,Japan,-1.94,0
ALC.SW,ALCON AG,Switzerland,-2.12,0
AXON,AXON ENTERPRISE INC,United States,-1.18,0
ROP,ROPER TECHNOLOGIES INC,United States,0.12,0
WEC,WEC ENERGY GROUP INC,United States,-2.99,0
BE,BLOOM ENERGY CLASS A CORP,United States,-9.94,0
CSU.TO,CONSTELLATION SOFTWARE INC,Canada,-0.79,0
6702.T,FUJITSU LTD,Japan,-3.88,0
NUE,NUCOR CORP,United States,-2.08,0
SYY,SYSCO CORP,United States,-0.42,0
MSTR,STRATEGY INC CLASS A,United States,-1.87,0
NTR.TO,NUTRIEN LTD,Canada,-1.73,0
DHI,D R HORTON INC,United States,-3.52,0
HIG,HARTFORD INSURANCE GROUP INC,United States,0.98,0
6301.T,KOMATSU LTD,Japan,-3.91,0
III.L,3I GROUP PLC,United Kingdom,-2.28,0
GMG.AX,GOODMAN GROUP UNITS,Australia,-0.35,0
RIO.AX,RIO TINTO LTD,Australia,-2.93,0
4519.T,CHUGAI PHARMACEUTICAL LTD,Japan,-3.74,0
GFI.JO,GOLD FIELDS LTD,South Africa,-2.63,0
UCB.BR,UCB SA,Belgium,-2.14,0
ODFL,OLD DOMINION FREIGHT LINE INC,United States,0.86,0
SLF.TO,SUN LIFE FINANCIAL INC,Canada,-0.71,0
REP.MC,REPSOL SA,Spain,-2.14,0
SGO.PA,COMPAGNIE DE SAINT GOBAIN SA,France,-0.35,0
CCI,CROWN CASTLE INC,United States,-3.19,0
FFH.TO,FAIRFAX FINANCIAL HOLDINGS SUB VOT,Canada,0.55,0
6954.T,FANUC CORP,Japan,-3.31,0
MLM,MARTIN MARIETTA MATERIALS INC,United States,-1.19,0
ASM.AS,ASM INTERNATIONAL NV,Netherlands,-2.96,0
RKLB,ROCKET LAB CORP,United States,-6.53,0
MCHP,MICROCHIP TECHNOLOGY INC,United States,-0.51,0
G.MI,ASSICURAZIONI GENERALI,Italy,-1.21,0
U11.SI,UNITED OVERSEAS BANK LTD,Singapore,0.05,0
STT,STATE STREET CORP,United States,0.84,0
3711.TW,ASE TECHNOLOGY HOLDING LTD,Taiwan,-0.86,0
EME,EMCOR GROUP INC,United States,-3.51,0
K.TO,KINROSS GOLD CORP,Canada,-3.4,0
PETR3.SA,PETROLEO BRASILEIRO SA PETROBRAS,Brazil,-2.39,0
VMC,VULCAN MATERIALS,United States,0.54,0
GMEXICOB.MX,GRUPO MEXICO B,Mexico,-3.68,0
ACGL,ARCH CAPITAL GROUP LTD,United States,0.14,0
RMD,RESMED INC,United States,-0.62,0
CVE.TO,CENOVUS ENERGY INC,Canada,0.67,0
FANG,DIAMONDBACK ENERGY INC,United States,1.17,0
ORA.PA,ORANGE SA,France,-0.29,0
XYZ,BLOCK INC CLASS A,United States,0.64,0
KDP,KEURIG DR PEPPER INC,United States,-2.06,0
8591.T,ORIX CORP,Japan,-3.48,0
PRU,PRUDENTIAL FINANCIAL INC,United States,0.56,0
IMB.L,IMPERIAL BRANDS PLC,United Kingdom,-1.0,0
RBLX,ROBLOX CORP CLASS A,United States,-0.97,0
TEVA.TA,TEVA PHARMACEUTICAL INDUSTRIES ADR,Israel,0.6,0
IFC.TO,INTACT FINANCIAL CORP,Canada,0.94,0
KMB,KIMBERLY CLARK CORP,United States,-0.39,0
EBS.VI,ERSTE GROUP BANK AG,Austria,-1.65,0
GALD.SW,GALDERMA GROUP N AG,Switzerland,-0.35,0
LUMI.TA,BANK LEUMI LE ISRAEL,Israel,-0.22,0
4568.T,DAIICHI SANKYO LTD,Japan,-2.49,0
6701.T,NEC CORP,Japan,-1.53,0
ADM,ARCHER DANIELS MIDLAND,United States,-3.6,0
IR,INGERSOLL RAND INC,United States,-0.94,0
1180.SR,THE SAUDI NATIONAL BANK,Saudi Arabia,1.05,0
CLS.TO,CELESTICA INC,Canada,-5.52,0
DANSKE.CO,DANSKE BANK,Denmark,-1.95,0
EXPN.L,EXPERIAN PLC,United Kingdom,-0.75,0
SDZ.SW,SANDOZ GROUP AG,Switzerland,-0.65,0
GEHC,GE HEALTHCARE TECHNOLOGIES INC,United States,-1.04,0
SLHN.SW,SWISS LIFE HOLDING AG,Switzerland,-0.91,0
8630.T,SOMPO HOLDINGS INC,Japan,-2.47,0
NRG,NRG ENERGY INC,United States,-9.67,0
KVUE,KENVUE INC,United States,-0.17,0
A,AGILENT TECHNOLOGIES INC,United States,-0.4,0
8725.T,MS&AD INSURANCE GROUP HOLDINGS INC,Japan,-2.68,0
IRM,IRON MOUNTAIN INC,United States,-5.08,0
FER.MC,FERROVIAL,Spain,-2.09,0
8750.T,DAI-ICHI LIFE HOLDINGS INC,Japan,-3.88,0
HSY,HERSHEY FOODS,United States,-0.21,0
TPL,TEXAS PACIFIC LAND CORP,United States,-2.46,0
VOD.L,VODAFONE GROUP PLC,United Kingdom,0.28,0
IBKR,INTERACTIVE BROKERS GROUP INC CLAS,United States,-3.28,0
Z74.SI,SINGAPORE TELECOMMUNICATIONS LTD,Singapore,1.17,0
FISV,FISERV INC,United States,0.09,0
POLI.TA,BANK HAPOALIM BM,Israel,-1.51,0
HBAN,HUNTINGTON BANCSHARES INC,United States,-0.53,0
7267.T,HONDA MOTOR LTD,Japan,-3.2,0
8801.T,MITSUI FUDOSAN LTD,Japan,-3.54,0
6367.T,DAIKIN INDUSTRIES LTD,Japan,-2.07,0
MTB,M&T BANK CORP,United States,0.97,0
HAL,HALLIBURTON,United States,-1.08,0
INSM,INSMED INC,United States,-5.56,0
VICI,VICI PPTYS INC,United States,-4.11,0
WOW.AX,WOOLWORTHS GROUP LTD,Australia,-0.87,0
9432.T,NTT INC,Japan,0.38,0
DTE,DTE ENERGY,United States,-3.79,0
HPE,HEWLETT PACKARD ENTERPRISE,United States,-1.94,0
8802.T,MITSUBISHI ESTATE CO LTD,Japan,-3.04,0
CPRT,COPART INC,United States,1.05,0
TCL.AX,TRANSURBAN GROUP STAPLED UNITS,Australia,-1.08,0
M&M.NS,MAHINDRA AND MAHINDRA LTD,India,0.68,0
7182.T,JAPAN POST BANK LTD,Japan,-2.64,0
XYL,XYLEM INC,United States,-0.05,0
CBOE,CBOE GLOBAL MARKETS INC,United States,-0.16,0
AEE,AMEREN CORP,United States,-3.19,0
EQNR.OL,EQUINOR,Norway,-0.93,0
VRSK,VERISK ANALYTICS INC,United States,0.03,0
TPR,TAPESTRY INC,United States,-1.34,0
EXR,EXTRA SPACE STORAGE REIT INC,United States,-4.21,0
GIVN.SW,GIVAUDAN SA,Switzerland,-0.85,0
ATO,ATMOS ENERGY CORP,United States,-2.39,0
OTIS,OTIS WORLDWIDE CORP,United States,-0.86,0
VEEV,VEEVA SYSTEMS INC CLASS A,United States,-0.82,0
SUNB.L,SUNBELT RENTALS HOLDINGS INC,United Kingdom,-3.82,0
PRY.MI,PRYSMIAN,Italy,-0.8,0
WAT,WATERS CORP,United States,-0.19,0
TDY,TELEDYNE TECHNOLOGIES INC,United States,-2.98,0
IQV,IQVIA HOLDINGS INC,United States,-0.24,0
PAYX,PAYCHEX INC,United States,0.92,0
LDO.MI,LEONARDO FINMECCANICA SPA,Italy,-4.11,0
WDAY,WORKDAY INC CLASS A,United States,1.93,0
EXPE,EXPEDIA GROUP INC,United States,-1.77,0
DOV,DOVER CORP,United States,-1.0,0
4578.T,OTSUKA HOLDINGS LTD,Japan,-3.6,0
JBL,JABIL INC,United States,-4.4,0
PPL,PPL CORP,United States,-2.92,0
CTSH,COGNIZANT TECHNOLOGY SOLUTIONS COR,United States,0.84,0
GFNORTEO.MX,GPO FINANCE BANORTE,Mexico,-2.88,0
CNP,CENTERPOINT ENERGY INC,United States,-2.84,0
DNB.OL,DNB BANK,Norway,-1.46,0
2891.TW,CTBC FINANCIAL HOLDING LTD,Taiwan,0.97,0
WTW,WILLIS TOWERS WATSON PLC,United States,1.4,0
KBC.BR,KBC GROEP,Belgium,-1.99,0
EIX,EDISON INTERNATIONAL,United States,-2.98,0
DG,DOLLAR GENERAL CORP,United States,0.87,0
DXCM,DEXCOM INC,United States,-0.48,0
6723.T,RENESAS ELECTRONICS CORP,Japan,-3.0,0
FE,FIRSTENERGY CORP,United States,-2.31,0
FTS.TO,FORTIS INC,Canada,-2.03,0
HO.PA,THALES SA,France,-2.73,0
FICO,FAIR ISAAC CORP,United States,1.3,0
3382.T,SEVEN & I HOLDINGS LTD,Japan,-2.11,0
DVN,DEVON ENERGY CORP,United States,-0.27,0
1211.HK,SAUDI ARABIAN MINING,Saudi Arabia,0.58,0
AXISBANK.NS,AXIS BANK LTD,India,-0.26,0
NTRA,NATERA INC,United States,-3.67,0
AWK,AMERICAN WATER WORKS INC,United States,-0.96,0
8267.T,AEON LTD,Japan,-3.44,0
HUBB,HUBBELL INC,United States,-3.43,0
CTRA,COTERRA ENERGY INC,United States,0.21,0
CCL,CARNIVAL CORP,United States,-3.29,0
BIIB,BIOGEN INC,United States,-1.06,0
2383.TW,ELITE MATERIAL LTD,Taiwan,-2.77,0
4503.T,ASTELLAS PHARMA INC,Japan,-2.64,0
DOW,DOW INC,United States,-2.24,0
ADS.DE,ADIDAS N AG,Germany,0.19,0
L.TO,LOBLAW COMPANIES LTD,Canada,-0.02,0
SAMPO.HE,SAMPO CLASS A,Finland,-1.03,0
ES,EVERSOURCE ENERGY,United States,-4.24,0
6762.T,TDK CORP,Japan,-2.94,0
8015.T,TOYOTA TSUSHO CORP,Japan,-6.2,0
CBK.DE,COMMERZBANK AG,Germany,-2.66,0
POW.TO,POWER CORPORATION OF CANADA,Canada,1.64,0
285A.T,KIOXIA HOLDINGS CORP,Japan,-4.4,0
LYV,LIVE NATION ENTERTAINMENT INC,United States,-3.46,0
FLEX,FLEX LTD,United States,-6.31,0
EXE,EXPAND ENERGY CORP,United States,-0.58,0
ADYEN.AS,ADYEN NV,Netherlands,-0.24,0
MTD,METTLER TOLEDO INC,United States,1.18,0
CFG,CITIZENS FINANCIAL GROUP INC,United States,-0.05,0
HEI.DE,HEIDELBERG MATERIALS AG,Germany,3.16,0
FSR.JO,FIRSTRAND LTD,South Africa,0.06,0
AMRZ,AMRIZE AG,United States,-2.92,0
PPL.TO,PEMBINA PIPELINE CORP,Canada,0.77,0
ESLT.TA,ELBIT SYSTEMS LTD,Israel,-1.47,0
AV.L,AVIVA PLC,United Kingdom,-1.55,0
7013.T,IHI CORP,Japan,-4.1,0
CINF,CINCINNATI FINANCIAL CORP,United States,0.36,0
RJF,RAYMOND JAMES INC,United States,0.66,0
DRI,DARDEN RESTAURANTS INC,United States,-0.67,0
OMC,OMNICOM GROUP INC,United States,-1.03,0
AVB,AVALONBAY COMMUNITIES REIT INC,United States,-2.34,0
ULTA,ULTA BEAUTY INC,United States,-0.77,0
SIKA.SW,SIKA AG,Switzerland,0.44,0
BAJFINANCE.NS,BAJAJ FINANCE LTD,India,-0.2,0
VIE.PA,VEOLIA ENVIRON. SA,France,-1.64,0
1605.T,INPEX CORP,Japan,0.53,0
AMS.MC,AMADEUS IT GROUP SA,Spain,0.18,0
2802.T,AJINOMOTO INC,Japan,-3.76,0
CMS,CMS ENERGY CORP,United States,-3.91,0
ON,ON SEMICONDUCTOR CORP,United States,-0.05,0
Q,QNITY ELECTRONICS INC,United States,-3.89,0
SYF,SYNCHRONY FINANCIAL,United States,1.04,0
ACS.MC,ACS ACTIVIDADES DE CONSTRUCCION Y,Spain,-1.9,0
NTRS,NORTHERN TRUST CORP,United States,-0.03,0
ARES,ARES MANAGEMENT CORP CLASS A,United States,-1.96,0
2382.TW,QUANTA COMPUTER INC,Taiwan,-1.05,0
GEBN.SW,GEBERIT AG,Switzerland,-0.3,0
LT.NS,LARSEN AND TOUBRO LTD,India,0.01,0
BMW.DE,BMW AG,Germany,-0.76,0
MKL,MARKEL GROUP INC,United States,-0.33,0
3037.TW,UNIMICRON TECHNOLOGY CORP,Taiwan,-4.65,0
ML.PA,MICHELIN,France,-0.94,0
STLD,STEEL DYNAMICS INC,United States,-2.15,0
8308.T,RESONA HOLDINGS INC,Japan,-2.1,0
STZ,CONSTELLATION BRANDS INC CLASS A,United States,-1.51,0
QSR.TO,RESTAURANTS BRANDS INTERNATIONAL I,Canada,-0.62,0
CHD,CHURCH AND DWIGHT INC,United States,0.12,0
CW,CURTISS WRIGHT CORP,United States,-2.95,0
FTAI,FTAI AVIATION LTD,United States,-4.21,0
5020.T,ENEOS HOLDINGS INC,Japan,-4.97,0
TSCO,TRACTOR SUPPLY,United States,-0.89,0
VWS.CO,VESTAS WIND SYSTEMS,Denmark,1.33,0
PHM,PULTEGROUP INC,United States,-2.8,0
EFX,EQUIFAX INC,United States,-1.92,0
7751.T,CANON INC,Japan,-1.53,0
FMG.AX,FORTESCUE LTD,Australia,-0.42,0
PGHN.SW,PARTNERS GROUP HOLDING AG,Switzerland,-1.25,0
PPG,PPG INDUSTRIES INC,United States,-1.18,0
MDB,MONGODB INC CLASS A,United States,-3.33,0
UTHR,UNITED THERAPEUTICS CORP,United States,-0.52,0
2345.TW,ACCTON TECHNOLOGY CORP,Taiwan,1.26,0
SCMN.SW,SWISSCOM AG,Switzerland,-2.48,0
5108.T,BRIDGESTONE CORP,Japan,-2.45,0
LPLA,LPL FINANCIAL HOLDINGS INC,United States,2.71,0
8604.T,NOMURA HOLDINGS INC,Japan,-1.65,0
LH,LABCORP HOLDINGS INC,United States,-0.41,0
NI,NISOURCE INC,United States,-3.58,0
BXB.AX,BRAMBLES LTD,Australia,-0.36,0
DGX,QUEST DIAGNOSTICS INC,United States,0.57,0
RF,REGIONS FINANCIAL CORP,United States,0.6,0
PKO.WA,POWSZECHNA KASA OSZCZEDNOSCI BANK,Poland,-2.0,0
TCS.NS,TATA CONSULTANCY SERVICES LTD,India,1.47,0
SBK.JO,STANDARD BANK GROUP,South Africa,-0.26,0
VLTO,VERALTO CORP,United States,-1.15,0
IMO.TO,IMPERIAL OIL LTD,Canada,-0.63,0
BBCA.JK,BANK CENTRAL ASIA,Indonesia,0.37,0
DTG.DE,DAIMLER TRUCK HOLDING E AG,Germany,-1.58,0
2881.TW,FUBON FINANCIAL HOLDING LTD,Taiwan,0.45,0
BAP,CREDICORP LTD,Peru,-2.03,0
HEIA.AS,HEINEKEN NV,Netherlands,-1.01,0
QBE.AX,QBE INSURANCE GROUP LTD,Australia,-1.11,0
AMXB.MX,AMERICA MOVIL B,Mexico,-1.32,0
CPI.JO,CAPITEC LTD,South Africa,-0.67,0
QNBK.QA,QATAR NATIONAL BANK,Qatar,0.06,0
6902.T,DENSO CORP,Japan,-2.52,0
PSTG,EVERPURE INC CLASS A,United States,-4.31,0
NTAP,NETAPP INC,United States,-1.92,0
BR,BROADRIDGE FINANCIAL SOLUTIONS INC,United States,-0.01,0
STE,STERIS,United States,0.97,0
6273.T,SMC (JAPAN) CORP,Japan,-4.66,0
SOFI,SOFI TECHNOLOGIES INC,United States,-1.05,0
FAB,FIRST ABU DHABI BANK,United Arab Emirates,-1.25,0
WSP.TO,WSP GLOBAL INC,Canada,-1.01,0
KOTAKBANK.NS,KOTAK MAHINDRA BANK LTD,India,-0.38,0
UMG.AS,UNIVERSAL MUSIC GROUP NV,Netherlands,-1.7,0
LDOS,LEIDOS HOLDINGS INC,United States,-0.05,0
CHRW,CH ROBINSON WORLDWIDE INC,United States,-3.39,0
SBIN.NS,STATE BANK OF INDIA,India,0.87,0
FRE.DE,FRESENIUS SE AND CO KGAA,Germany,-1.82,0
VRSN,VERISIGN INC,United States,0.47,0
STMPA.PA,STMICROELECTRONICS NV,France,-3.17,0
EQR,EQUITY RESIDENTIAL REIT,United States,-2.24,0
VOW3.DE,VOLKSWAGEN NON-VOTING PREF AG,Germany,-0.35,0
2882.TW,CATHAY FINANCIAL HOLDING LTD,Taiwan,0.56,0
NN.AS,NN GROUP NV,Netherlands,-0.96,0
BBDC4.SA,BANCO BRADESCO PREF SA,Brazil,-1.66,0
WSM,WILLIAMS SONOMA INC,United States,-2.28,0
CF,CF INDUSTRIES HOLDINGS INC,United States,-0.53,0
KNEBV.HE,KONE,Finland,-0.4,0
CCEP.AS,COCA COLA EUROPACIFIC PARTNERS PLC,Netherlands,-4.22,0
FSLR,FIRST SOLAR INC,United States,-3.42,0
7010.SR,SAUDI TELECOM,Saudi Arabia,-0.52,0
9020.T,EAST JAPAN RAILWAY,Japan,-2.46,0
KPN.AS,KONINKLIJKE KPN NV,Netherlands,-1.64,0
ILMN,ILLUMINA INC,United States,-1.79,0
TWLO,TWILIO INC CLASS A,United States,-2.54,0
6178.T,JAPAN POST HOLDINGS LTD,Japan,-1.95,0
EL,ESTEE LAUDER INC CLASS A,United States,0.37,0
VAL.JO,VALTERRA PLATINUM LTD,South Africa,-1.12,0
DLTR,DOLLAR TREE INC,United States,0.34,0
PHIA.AS,KONINKLIJKE PHILIPS NV,Netherlands,-1.42,0
2303.TW,UNITED MICRO ELECTRONICS CORP,Taiwan,-1.53,0
HUM,HUMANA INC,United States,2.07,0
ASTS,AST SPACEMOBILE INC CLASS A,United States,-4.42,0
MTN.JO,MTN GROUP LTD,South Africa,-3.41,0
CASY,CASEYS GENERAL STORES INC,United States,-0.83,0
MTX.DE,MTU AERO ENGINES HOLDING AG,Germany,-3.34,0
BURL,BURLINGTON STORES INC,United States,-0.52,0
SNA,SNAP ON INC,United States,-1.07,0
FEMSAUBD.MX,FOMENTO ECONOMICO MEXICANO,Mexico,-2.92,0
NXT.L,NEXT PLC,United Kingdom,-0.61,0
PAAS.TO,PAN AMERICAN SILVER CORP,Canada,-2.91,0
ACA.PA,CREDIT AGRICOLE SA,France,-1.72,0
CPAY,CORPAY INC,United States,1.08,0
4901.T,FUJIFILM HOLDINGS CORP,Japan,-3.25,0
2360.TW,CHROMA ATE INC,Taiwan,-0.63,0
WRT1V.HE,WARTSILA,Finland,-2.93,0
KHC,KRAFT HEINZ,United States,-0.87,0
COL.AX,COLES GROUP LTD,Australia,0.75,0
6201.T,TOYOTA INDUSTRIES CORP,Japan,-0.1,0
SW,SMURFIT WESTROCK PLC,United States,-1.95,0
KER.PA,KERING SA,France,0.67,0
TROW,T ROWE PRICE GROUP INC,United States,-1.03,0
9022.T,CENTRAL JAPAN RAILWAY,Japan,-3.49,0
KOG.OL,KONGSBERG GRUPPEN,Norway,-2.93,0
GIS,GENERAL MILLS INC,United States,-1.31,0
EVRG,EVERGY INC,United States,-2.91,0
CAP.PA,CAPGEMINI,France,-2.49,0
8309.T,SUMITOMO MITSUI TRUST GROUP INC,Japan,-1.87,0
NSIS-B.CO,NOVOZYMES B,Denmark,3.8,0
PUB.PA,PUBLICIS GROUPE SA,France,-1.48,0
LGEN.L,LEGAL AND GENERAL GROUP PLC,United Kingdom,-2.07,0
3017.TW,ASIA VITAL COMPONENTS LTD,Taiwan,1.74,0
PFG,PRINCIPAL FINANCIAL GROUP INC,United States,-0.97,0
7936.T,ASICS CORP,Japan,-3.53,0
BRO,BROWN & BROWN INC,United States,0.74,0
FTV,FORTIVE CORP,United States,-0.59,0
TOU.TO,TOURMALINE OIL CORP,Canada,0.55,0
VNA.DE,VONOVIA SE,Germany,-0.79,0
PKN.WA,ORLEN SA,Poland,0.45,0
ANTO.L,ANTOFAGASTA PLC,United Kingdom,-3.97,0
PTC,PTC INC,United States,-0.57,0
LYB,LYONDELLBASELL INDUSTRIES NV CLASS,United States,-1.68,0
B3SA3.SA,B3 BRASIL BOLSA BALCAO SA,Brazil,-4.31,0
TRN.MI,TERNA RETE ELETTRICA NAZIONALE,Italy,-1.84,0
DD,DUPONT DE NEMOURS INC,United States,-2.48,0
STO.AX,SANTOS LTD,Australia,-0.5,0
ZM,ZOOM COMMUNICATIONS INC CLASS A,United States,-0.17,0
ABN.AS,ABN AMRO BANK NV,Netherlands,-1.71,0
CRWV,COREWEAVE INC CLASS A,United States,1.0,0
6971.T,KYOCERA CORP,Japan,-4.46,0
LEN,LENNAR A CORP CLASS A,United States,-3.38,0
CNC,CENTENE CORP,United States,-3.29,0
ZBH,ZIMMER BIOMET HOLDINGS INC,United States,-2.19,0
AENA.MC,AENA SME SA,Spain,0.16,0
RBA.TO,RB GLOBAL INC,Canada,-1.13,0
ALL.AX,ARISTOCRAT LEISURE LTD,Australia,1.21,0
CSGP,COSTAR GROUP INC,United States,0.19,0
LULU,LULULEMON ATHLETICA INC,United States,-1.66,0
HPQ,HP INC,United States,-1.14,0
AMCR,AMCOR PLC,United States,-1.06,0
5401.T,NIPPON STEEL CORP,Japan,-2.36,0
BAM.TO,BROOKFIELD ASSET MANAGEMENT VOTING,Canada,-1.19,0
4661.T,ORIENTAL LAND LTD,Japan,-3.81,0
LNT,ALLIANT ENERGY CORP,United States,-3.66,0
BPE.MI,BPER BANCA,Italy,-2.47,0
FLUT,FLUTTER ENTERTAINMENT PLC,United States,-1.5,0
PKG,PACKAGING CORP OF AMERICA,United States,-0.81,0
TSEM.TA,TOWER SEMICONDUCTOR LTD,Israel,7.85,0
7269.T,SUZUKI MOTOR CORP,Japan,-2.91,0
IHG.L,INTERCONTINENTAL HOTELS GROUP PLC,United Kingdom,-0.69,0
HNR1.DE,HANNOVER RUECK,Germany,-1.74,0
FFIV,F5 INC,United States,-2.07,0
MARUTI.NS,MARUTI SUZUKI INDIA LTD,India,0.02,0
HINDUNILVR.NS,HINDUSTAN UNILEVER LTD,India,0.26,0
WKL.AS,WOLTERS KLUWER NV,Netherlands,0.58,0
RPRX,ROYALTY PHARMA PLC CLASS A,United States,-0.37,0
ENTG,ENTEGRIS INC,United States,-1.04,0
VACN.SW,VAT GROUP AG,Switzerland,-0.78,0
EXPD,EXPEDITORS INTERNATIONAL OF WASHIN,United States,-0.6,0
IFF,INTERNATIONAL FLAVORS & FRAGRANCES,United States,-2.22,0
SAB.MC,BANCO DE SABADELL SA,Spain,-1.49,0
2412.TW,CHUNGHWA TELECOM LTD,Taiwan,-1.11,0
WST,WEST PHARMACEUTICAL SERVICES INC,United States,-1.37,0
KEY,KEYCORP,United States,0.67,0
HOLX,HOLOGIC INC,United States,0.11,0
CHTR,CHARTER COMMUNICATIONS INC CLASS A,United States,0.65,0
8830.T,SUMITOMO REALTY & DEVELOPMENT LTD,Japan,-3.78,0
NST.AX,NORTHERN STAR RESOURCES LTD,Australia,-2.43,0
NTPC.NS,NTPC LTD,India,1.84,0
SBAC,SBA COMMUNICATIONS REIT CORP CLASS,United States,-4.46,0
SPSN.SW,SWISS PRIME SITE AG,Switzerland,-3.66,0
EVN.AX,EVOLUTION MINING LTD,Australia,1.64,0
WRB,WR BERKLEY CORP,United States,-0.72,0
SUNPHARMA.NS,SUN PHARMACEUTICAL INDUSTRIES LTD,India,1.87,0
FWONK,LIBERTY MEDIA FORMULA ONE SERIES C,United States,-2.39,0
SGSN.SW,SGS SA,Switzerland,-0.93,0
ALAB,ASTERA LABS INC,United States,-8.02,0
BESI.AS,BE SEMICONDUCTOR INDUSTRIES NV,Netherlands,-2.91,0
1812.T,KAJIMA CORP,Japan,-3.27,0
BG,BUNGE GLOBAL,United States,-3.19,0
9101.T,NIPPON YUSEN,Japan,-0.68,0
IP,INTERNATIONAL PAPER,United States,-0.71,0
LVS,LAS VEGAS SANDS CORP,United States,-2.07,0
6920.T,LASERTEC CORP,Japan,-2.58,0
1925.T,DAIWA HOUSE INDUSTRY LTD,Japan,-2.18,0
4452.T,KAO CORP,Japan,-4.19,0
4507.T,SHIONOGI LTD,Japan,-4.05,0
PODD,INSULET CORP,United States,-0.67,0
AGI.TO,ALAMOS GOLD INC CLASS A,Canada,-2.96,0
WPC,W. P. CAREY REIT INC,United States,-2.64,0
BEL.NS,BHARAT ELECTRONICS LTD,India,-1.09,0
1802.T,OBAYASHI CORP,Japan,-2.98,0
SMCI,SUPER MICRO COMPUTER INC,United States,-33.32,0
CRDO,CREDO TECHNOLOGY GROUP HOLDING LTD,United States,-3.45,0
TSN,TYSON FOODS INC CLASS A,United States,-1.59,0
BAER.SW,JULIUS BAER GRUPPE AG,Switzerland,-1.7,0
BN4.SI,KEPPEL LTD,Singapore,-1.35,0
INCY,INCYTE CORP,United States,-2.33,0
GMAB.CO,GENMAB,Denmark,-0.49,0
SRG.MI,SNAM,Italy,-0.19,0
HBAN.SW,HELVETIA BALOISE HOLDING N AG,Switzerland,0.36,0
CLNX.MC,CELLNEX TELECOM,Spain,-5.09,0
ZS,ZSCALER INC,United States,-2.53,0
L,LOEWS CORP,United States,-0.05,0
TEF.MC,TELEFONICA SA,Spain,-1.49,0
9735.T,SECOM LTD,Japan,-2.53,0
TITAN.NS,TITAN COMPANY LTD,India,1.7,0
4543.T,TERUMO CORP,Japan,-4.07,0
ROL,ROLLINS INC,United States,-1.53,0
MRK.DE,MERCK,Germany,-3.07,0
WY,WEYERHAEUSER REIT,United States,-2.13,0
APTV,APTIV PLC,United States,-1.55,0
H.TO,HYDRO ONE LTD,Canada,-3.61,0
2884.TW,E.SUN FINANCIAL HOLDING LTD,Taiwan,0.32,0
CDW,CDW CORP,United States,0.52,0
2886.TW,MEGA FINANCIAL HOLDING LTD,Taiwan,-0.51,0
J,JACOBS SOLUTIONS INC,United States,0.33,0
AXIA3.SA,CENTRAIS ELETR BRAS-ELETROBRAS SA,Brazil,-3.75,0
SCCO,SOUTHERN COPPER CORP,Peru,-4.44,0
TRMB,TRIMBLE INC,United States,-1.45,0
EMA.TO,EMERA INC,Canada,-1.91,0
KIM,KIMCO REALTY REIT CORP,United States,-3.25,0
BALL,BALL CORP,United States,-3.27,0
SSNC,SS AND C TECHNOLOGIES HOLDINGS INC,United States,-0.67,0
BMPS.MI,BANCA MONTE DEI PASCHI DI SIENA SP,Italy,1.41,0
RS,RELIANCE STEEL & ALUMINUM,United States,-1.44,0
ESS,ESSEX PROPERTY TRUST REIT INC,United States,-2.47,0
ITSA4.SA,ITAUSA INVESTIMENTOS ITAU PREF SA,Brazil,-1.53,0
2887.TW,TS FINANCIAL HOLDING LTD,Taiwan,0.82,0
GPN,GLOBAL PAYMENTS INC,United States,0.47,0
HLMA.L,HALMA PLC,United Kingdom,-1.95,0
SATS,ECHOSTAR CORP CLASS A,United States,0.67,0
BAMI.MI,BANCO BPM,Italy,-2.89,0
JBHT,JB HUNT TRANSPORT SERVICES INC,United States,-0.13,0
EDP.LS,EDP ENERGIAS DE PORTUGAL SA,Portugal,-1.5,0
RI.PA,PERNOD RICARD SA,France,-0.95,0
CEMEXCPO.MX,CEMEX CPO,Mexico,-1.69,0
NVR,NVR INC,United States,-0.76,0
ULTRACEMCO.NS,ULTRATECH CEMENT LTD,India,1.11,0
7012.T,KAWASAKI HEAVY INDUSTRIES LTD,Japan,-2.54,0
LII,LENNOX INTERNATIONAL INC,United States,-1.96,0
TLS.AX,TELSTRA GROUP LTD,Australia,-0.19,0
DECK,DECKERS OUTDOOR CORP,United States,-4.27,0
TRI,THOMSON REUTERS CORP,Canada,0.19,0
6326.T,KUBOTA CORP,Japan,-4.9,0
RTO.L,RENTOKIL INITIAL PLC,United Kingdom,-0.83,0
UPM.HE,UPM-KYMMENE,Finland,0.24,0
MRU.TO,METRO INC,Canada,0.8,0
9104.T,MITSUI OSK LINES LTD,Japan,-0.54,0
1928.T,SEKISUI HOUSE LTD,Japan,-3.27,0
FM.TO,FIRST QUANTUM MINERALS LTD,Canada,-2.01,0
TATASTEEL.NS,TATA STEEL LTD,India,3.29,0
2502.T,ASAHI GROUP HOLDINGS LTD,Japan,-1.41,0
LOGN.SW,LOGITECH INTERNATIONAL SA,Switzerland,-1.72,0
CSL,CARLISLE COMPANIES INC,United States,-1.59,0
TW,TRADEWEB MARKETS INC CLASS A,United States,-0.68,0
9532.T,OSAKA GAS LTD,Japan,-1.81,0
FCNCA,FIRST CITIZENS BANCSHARES INC CLAS,United States,1.06,0
RDDT,REDDIT INC CLASS A,United States,1.25,0
INVH,INVITATION HOMES INC,United States,-2.44,0
LUN.TO,LUNDIN MINING CORP,Canada,-4.57,0
WEGE3.SA,WEG SA,Brazil,-1.35,0
HCLTECH.NS,HCL TECHNOLOGIES LTD,India,1.67,0
GGG,GRACO INC,United States,-0.46,0
S63.SI,SINGAPORE TECHNOLOGIES ENGINEERING,Singapore,-1.8,0
MG.TO,MAGNA INTERNATIONAL INC,Canada,-0.97,0
TYL,TYLER TECHNOLOGIES INC,United States,0.04,0
COO,COOPER INC,United States,-1.06,0
TRU,TRANSUNION,United States,-1.62,0
7832.T,BANDAI NAMCO HOLDINGS INC,Japan,-1.25,0
SUI,SUN COMMUNITIES REIT INC,United States,-0.52,0
1801.T,TAISEI CORP,Japan,-3.67,0
IEX,IDEX CORP,United States,-1.75,0
MAA,MID AMERICA APARTMENT COMMUNITIES,United States,-2.18,0
5016.T,JX ADVANCED METALS CORP,Japan,-4.82,0
POWERGRID.NS,POWER GRID CORPORATION OF INDIA LT,India,0.3,0
9503.T,KANSAI ELECTRIC POWER INC,Japan,-5.06,0
BBRI.JK,BANK RAKYAT INDONESIA (PERSERO),Indonesia,0.0,0
NESTE.HE,NESTE,Finland,-0.74,0
PNR,PENTAIR,United States,-2.26,0
2885.TW,YUANTA FINANCIAL HOLDING LTD,Taiwan,-0.11,0
NDSN,NORDSON CORP,United States,-1.68,0
GPC,GENUINE PARTS,United States,-2.73,0
6361.T,EBARA CORP,Japan,-4.29,0
URW.PA,UNIBAIL RODAMCO WE STAPLED UNITS,France,-1.26,0
ORG.AX,ORIGIN ENERGY LTD,Australia,2.13,0
SN.L,SMITH AND NEPHEW PLC,United Kingdom,-0.41,0
1303.TW,NAN YA PLASTICS CORP,Taiwan,-6.89,0
NBIX,NEUROCRINE BIOSCIENCES INC,United States,-1.56,0
RVMD,REVOLUTION MEDICINES INC,United States,-3.54,0
NVMI.TA,NOVA LTD,Israel,4.64,0
2010.SR,SAUDI BASIC INDUSTRIES,Saudi Arabia,1.06,0
SHL.DE,SIEMENS HEALTHINEERS AG,Germany,-1.19,0
AKRBP.OL,AKER BP,Norway,-4.14,0
S32.AX,SOUTH32 LTD,Australia,-1.73,0
9531.T,TOKYO GAS LTD,Japan,-4.79,0
CLX,CLOROX,United States,-0.44,0
OKTA,OKTA INC CLASS A,United States,-2.91,0
BPAC11.SA,BCO BTG PACTUAL UNT SA,Brazil,-4.3,0
WCP.TO,WHITECAP RESOURCES INC,Canada,-0.47,0
TXT,TEXTRON INC,United States,0.09,0
6988.T,NITTO DENKO CORP,Japan,-4.5,0
BBY,BEST BUY INC,United States,-2.17,0
CCH.L,COCA COLA HBC AG,United Kingdom,-2.33,0
DSY.PA,DASSAULT SYSTEMES,France,-2.82,0
FPH.NZ,FISHER AND PAYKEL HEALTHCARE CORPO,New Zealand,-2.2,0
MKC,MCCORMICK & CO NON-VOTING INC,United States,-1.52,0
NLY,ANNALY CAPITAL MANAGEMENT REIT INC,United States,-5.2,0
HINDALCO.NS,HINDALCO INDUSTRIES LTD,India,-2.54,0
MZTF.TA,MIZRAHI TEFAHOT BANK LTD,Israel,-0.6,0
G1A.DE,GEA GROUP AG,Germany,-3.25,0
NHY.OL,NORSK HYDRO,Norway,0.44,0
RIVN,RIVIAN AUTOMOTIVE INC CLASS A,United States,-7.51,0
RKT,ROCKET COMPANIES INC CLASS A,United States,-6.83,0
WSO,WATSCO INC,United States,-2.58,0
STLAM.MI,STELLANTIS NV,Italy,-0.74,0
1010.SR,RIYAD BANK,Saudi Arabia,1.49,0
DSCT.TA,ISRAEL DISCOUNT BANK LTD,Israel,-1.0,0
2890.TW,SINOPAC FINANCIAL HOLDINGS LTD,Taiwan,1.42,0
LISN.SW,CHOCOLADEFABRIKEN LINDT & SPRUENGL,Switzerland,0.74,0
FGR.PA,EIFFAGE SA,France,-1.95,0
IREN,IREN LTD,United States,-0.89,0
TOST,TOAST INC CLASS A,United States,0.22,0
REG,REGENCY CENTERS REIT CORP,United States,-2.37,0
2327.TW,YAGEO CORP,Taiwan,-1.45,0
SBSP3.SA,COMPANHIA DE SANEAMENTO BASICO DE,Brazil,-2.14,0
FOXA,FOX CORP CLASS A,United States,0.24,0
ALLE,ALLEGION PLC,United States,-0.93,0
S68.SI,SINGAPORE EXCHANGE LTD,Singapore,-1.53,0
5713.T,SUMITOMO METAL MINING LTD,Japan,-8.77,0
8601.T,DAIWA SECURITIES GROUP INC,Japan,-2.15,0
ORSTED.CO,ORSTED A/S,Denmark,-2.68,0
EN.PA,BOUYGUES SA,France,-0.95,0
GWO.TO,GREAT WEST LIFECO INC,Canada,0.21,0
SVT.L,SEVERN TRENT PLC,United Kingdom,-1.37,0
SCG.AX,SCENTRE GROUP,Australia,-0.29,0
HUBS,HUBSPOT INC,United States,-1.34,0
2357.TW,ASUSTEK COMPUTER INC,Taiwan,0.69,0
EG,EVEREST GROUP LTD,United States,0.02,0
AVY,AVERY DENNISON CORP,United States,-1.12,0
DSFIR.AS,DSM FIRMENICH AG,Netherlands,0.03,0
PNFP,PINNACLE FINANCIAL PARTNERS INC,United States,0.29,0
PEO.WA,BANK PEKAO SA,Poland,-1.95,0
ELE.MC,ENDESA SA,Spain,-1.67,0
3407.T,ASAHI KASEI CORP,Japan,-5.04,0
ACM,AECOM,United States,-1.93,0
6669.TW,WIWYNN CORPORATION CORP,Taiwan,1.06,0
ABEV3.SA,AMBEV SA,Brazil,-2.03,0
HEN3.DE,HENKEL & KGAA PREF AG,Germany,-0.27,0
RPM,RPM INTERNATIONAL INC,United States,-3.46,0
DKS,DICKS SPORTING INC,United States,-1.57,0
GLPI,GAMING AND LEISURE PROPERTIES REIT,United States,-2.29,0
TEAM,ATLASSIAN CORP CLASS A,United States,-1.17,0
DOC,HEALTHPEAK PROPERTIES INC,United States,-3.84,0
LYC.AX,LYNAS RARE EARTHS LTD,Australia,-2.15,0
JKHY,JACK HENRY AND ASSOCIATES INC,United States,0.58,0
MONC.MI,MONCLER,Italy,0.7,0
IAG.AX,INSURANCE AUSTRALIA GROUP LTD,Australia,0.97,0
IT,GARTNER INC,United States,1.35,0
4062.T,IBIDEN LTD,Japan,-2.51,0
AGS.BR,AGEAS SA,Belgium,-2.15,0
GALP.LS,GALP ENERGIA SGPS SA CLASS B,Portugal,-3.79,0
AFRM,AFFIRM HOLDINGS INC CLASS A,United States,-1.4,0
3231.TW,WISTRON CORP,Taiwan,1.96,0
6383.T,DAIFUKU LTD,Japan,-4.19,0
2503.T,KIRIN HOLDINGS LTD,Japan,-4.64,0
8697.T,JAPAN EXCHANGE GROUP INC,Japan,-2.15,0
GDDY,GODADDY INC CLASS A,United States,1.47,0
7532.T,PAN PACIFIC INTERNATIONAL HOLDINGS,Japan,-2.6,0
2892.TW,FIRST FINANCIAL HOLDING LTD,Taiwan,0.52,0
HEI,HEICO CORP,United States,-0.72,0
TEL.OL,TELENOR,Norway,-1.48,0
FBK.MI,FINECOBANK BANCA FINECO,Italy,-0.92,0
WN.TO,GEORGE WESTON LTD,Canada,0.45,0
ARX.TO,ARC RESOURCES LTD,Canada,1.08,0
SCHP.SW,SCHINDLER HOLDING PAR AG,Switzerland,-1.13,0
RO.SW,ROCHE HOLDING AG,Switzerland,-1.28,0
EMBJ3.SA,EMBRAER SA,Brazil,-4.62,0
9766.T,KONAMI GROUP CORP,Japan,-1.51,0
QIBK.QA,QATAR ISLAMIC BANK,Qatar,0.09,0
SGRO.L,SEGRO REIT PLC,United Kingdom,-2.94,0
UU.L,UNITED UTILITIES GROUP PLC,United Kingdom,-2.24,0
CNA.L,CENTRICA PLC,United Kingdom,-2.68,0
SOON.SW,SONOVA HOLDING AG,Switzerland,-0.36,0
TEN.MI,TENARIS SA,Italy,1.28,0
SUN.AX,SUNCORP GROUP LTD,Australia,0.7,0
IMP.JO,IMPALA PLATINUM LTD,South Africa,-1.55,0
DPZ,DOMINOS PIZZA INC,United States,-0.52,0
BVI.PA,BUREAU VERITAS SA,France,-1.05,0
KGH.WA,KGHM POLSKA MIEDZ SA,Poland,-1.0,0
LISP.SW,CHOCOLADEFABRIKEN LINDT & SPRUENGL,Switzerland,0.67,0
UDR,UDR REIT INC,United States,-3.21,0
IOT,SAMSARA INC CLASS A,United States,-1.57,0
MAS,MASCO CORP,United States,-1.47,0
CARL-B.CO,CARLSBERG AS CL B,Denmark,-1.64,0
PINS,PINTEREST INC CLASS A,United States,0.11,0
SY1.DE,SYMRISE AG,Germany,-0.37,0
2449.TW,KING YUAN ELECTRONICS LTD,Taiwan,-2.53,0
DKNG,DRAFTKINGS INC CLASS A,United States,-4.98,0
FORTUM.HE,FORTUM,Finland,-1.36,0
IAG.TO,IA FINANCIAL INC,Canada,-0.68,0
TVSMOTOR.NS,TVS MOTOR COMPANY LTD,India,0.23,0
PRIO3.SA,PETRO RIO SA,Brazil,3.14,0
BG.VI,BAWAG GROUP AG,Austria,-0.4,0
CG,CARLYLE GROUP INC,United States,-1.24,0
KNIN.SW,KUEHNE UND NAGEL INTERNATIONAL AG,Switzerland,-2.05,0
6594.T,NIDEC CORP,Japan,-4.84,0
1150.SR,ALINMA BANK,Saudi Arabia,0.72,0
EQTL3.SA,EQUATORIAL SA,Brazil,-3.2,0
TTD,TRADE DESK INC CLASS A,United States,2.55,0
INF.L,INFORMA PLC,United Kingdom,-0.3,0
SOL.AX,WASHINGTON H SOUL PATTINSON & COMP,Australia,-0.98,0
EICHERMOT.NS,EICHER MOTORS LTD,India,1.71,0
ABG.JO,ABSA GROUP LTD,South Africa,0.49,0
CA.PA,CARREFOUR SA,France,-0.33,0
ETE.AT,NATIONAL BANK OF GREECE SA,Greece,0.4,0
GEN,GEN DIGITAL INC,United States,1.99,0
PZU.WA,PZU SA,Poland,-1.72,0
8795.T,T&D HOLDINGS INC,Japan,-2.48,0
ATRL.TO,ATKINSREALIS GROUP INC,Canada,-2.58,0
YAR.OL,YARA INTERNATIONAL,Norway,-5.59,0
ZBRA,ZEBRA TECHNOLOGIES CORP CLASS A,United States,-1.25,0
GFL.TO,GFL ENVIRONMENTAL SUBORDINATE VOTI,Canada,-4.21,0
7453.T,RYOHIN KEIKAKU LTD,Japan,-3.64,0
PHOE.TA,PHOENIX FINANCIAL LTD,Israel,-1.19,0
CPU.AX,COMPUTERSHARE LTD,Australia,-1.28,0
ALA.TO,ALTAGAS LTD,Canada,-0.44,0
EDV.L,ENDEAVOUR MINING,United Kingdom,-2.01,0
FNF,FIDELITY NATIONAL FINANCIAL INC,United States,-3.63,0
2368.TW,GOLD CIRCUIT ELECTRONICS LTD,Taiwan,-1.69,0
ENX.PA,EURONEXT NV,France,-2.38,0
8473.T,SBI HOLDINGS INC,Japan,-4.33,0
BMRI.JK,BANK MANDIRI (PERSERO),Indonesia,0.64,0
SIG.AX,SIGMA HEALTHCARE LTD,Australia,4.51,0
TIH.TO,TOROMONT INDUSTRIES LTD,Canada,-1.35,0
SOLV,SOLVENTUM CORP,United States,-2.03,0
STMN.SW,STRAUMANN HOLDING AG,Switzerland,-1.22,0
4307.T,NOMURA RESEARCH INSTITUTE LTD,Japan,-0.26,0
ITC.NS,ITC LTD,India,0.65,0
ORK.OL,ORKLA,Norway,-0.17,0
DAL,DELTA AIR LINES INC,United States,-2.42,0
OMV.VI,OMV AG,Austria,-0.6,0
BKT.MC,BANKINTER SA,Spain,-0.42,0
SGE.L,THE SAGE GROUP PLC,United Kingdom,0.48,0
8951.T,NIPPON BUILDING FUND REIT INC,Japan,-2.47,0
STN.TO,STANTEC INC,Canada,-2.68,0
HEIO.AS,HEINEKEN HOLDING NV,Netherlands,-1.44,0
7733.T,OLYMPUS CORP,Japan,-1.96,0
9502.T,CHUBU ELECTRIC POWER INC,Japan,-4.32,0
1216.TW,UNI-PRESIDENT ENTERPRISES CORP,Taiwan,-0.28,0
1803.T,SHIMIZU CORP,Japan,-6.21,0
ONGC.NS,OIL AND NATURAL GAS LTD,India,-1.37,0
MAERSK-B.CO,A P MOLLER MAERSK B,Denmark,-6.31,0
2883.TW,KGI FINANCIAL HOLDING LTD,Taiwan,0.75,0
TIT.MI,TELECOM ITALIA,Italy,-2.17,0
SMIN.L,SMITHS GROUP PLC,United Kingdom,-9.87,0
7735.T,SCREEN HOLDINGS LTD,Japan,-0.77,0
7769.TW,HONPRECISION INC,Taiwan,-1.32,0
METSO.HE,METSO CORPORATION,Finland,-1.61,0
AKZA.AS,AKZO NOBEL NV,Netherlands,1.18,0
3402.T,TORAY INDUSTRIES INC,Japan,-3.56,0
IONQ,IONQ INC,United States,-2.19,0
CU.TO,CANADIAN UTILITIES LTD CLASS A,Canada,-1.52,0
AGN.AS,AEGON LTD,Netherlands,-1.1,0
NWSA,NEWS CORP CLASS A,United States,0.5,0
EQH,EQUITABLE HOLDINGS INC,United States,0.3,0
3653.TW,JENTECH PRECISION INDUSTRIAL LTD,Taiwan,-1.28,0
X.TO,TMX GROUP LTD,Canada,-2.14,0
SAP,SAPUTO INC,Canada,-4.98,0
MPL.AX,MEDIBANK PRIVATE LTD,Australia,-2.77,0
2020.SR,SABIC AGRI-NUTRIENTS,Saudi Arabia,0.0,0
ASRNL.AS,ASR NEDERLAND NV,Netherlands,-0.55,0
1060.SR,SAUDI AWWAL BANK,Saudi Arabia,0.06,0
TECHM.NS,TECH MAHINDRA LTD,India,3.3,0
FME.DE,FRESENIUS MEDICAL CARE AG,Germany,-1.38,0
INDIGO.NS,INTERGLOBE AVIATION LTD,India,-0.13,0
SBILIFE.NS,SBI LIFE INSURANCE COMPANY LTD,India,-0.33,0
MOWI.OL,MOWI,Norway,-1.03,0
6504.T,FUJI ELECTRIC LTD,Japan,-4.9,0
EUROB.AT,EUROBANK SA,Greece,-1.86,0
PST.MI,POSTE ITALIANE,Italy,-0.09,0
BNZL.L,BUNZL,United Kingdom,-0.45,0
UHS,UNIVERSAL HEALTH SERVICES INC CLAS,United States,-0.75,0
PSON.L,PEARSON PLC,United Kingdom,-0.93,0
TRYG.CO,TRYG,Denmark,0.32,0
BLDR,BUILDERS FIRSTSOURCE INC,United States,-3.87,0
CNH,CNH INDUSTRIAL N.V. NV,United States,-1.39,0
GIL.TO,GILDAN ACTIVEWEAR INC,Canada,-0.89,0
GAPB.MX,GRUPO AEROPORTUARIO DEL PACIFICO,Mexico,-0.82,0
DIVISLAB.NS,DIVIS LABORATORIES LTD,India,2.13,0
SLM.JO,SANLAM LIMITED LTD,South Africa,-0.09,0
7186.T,YOKOHAMA FINANCIAL GROUP INC,Japan,-3.92,0
XRO.AX,XERO LTD,Australia,0.03,0
A17U.SI,CAPITALAND ASCENDAS REIT,Singapore,0.0,0
MKS.L,MARKS AND SPENCER GROUP PLC,United Kingdom,-2.62,0
LTM.SN,LATAM AIRLINES GROUP SA,Chile,0.41,0
SCHN.SW,SCHINDLER HOLDING AG,Switzerland,-0.99,0
AC.PA,ACCOR SA,France,0.58,0
KGF.L,KINGFISHER PLC,United Kingdom,-2.23,0
JSWSTEEL.NS,JSW STEEL LTD,India,3.42,0
TMCV.NS,TATA MOTORS LTD,India,0.58,0
2880.TW,HUA NAN FINANCIAL HOLDINGS LTD,Taiwan,0.75,0
9021.T,WEST JAPAN RAILWAY,Japan,-2.31,0
APA.AX,APA GROUP UNITS,Australia,-1.04,0
5880.TW,TAIWAN COOPERATIVE FINANCIAL HOLDI,Taiwan,0.0,0
SBRY.L,SAINSBURY(J) PLC,United Kingdom,-2.57,0
EFN.TO,ELEMENT FLEET MANAGEMENT CORP,Canada,-0.46,0
TLC.AX,THE LOTTERY CORPORATION LTD,Australia,-1.12,0
DRREDDY.NS,DR REDDYS LABORATORIES LTD,India,1.91,0
APOLLOHOSP.NS,APOLLO HOSPITALS ENTERPRISE LTD,India,1.55,0
7270.T,SUBARU CORP,Japan,-1.9,0
ASIANPAINT.NS,ASIAN PAINTS LTD,India,0.43,0
ERF.PA,EUROFINS SCIENTIFIC,France,-1.39,0
VEDL.NS,VEDANTA LTD,India,1.03,0
COLO-B.CO,COLOPLAST B,Denmark,-0.16,0
ADM.L,ADMIRAL GROUP PLC,United Kingdom,-1.53,0
COALINDIA.NS,COAL INDIA LTD,India,3.07,0
CAE.TO,CAE INC,Canada,-2.38,0
2301.TW,LITE ON TECHNOLOGY CORP,Taiwan,-0.31,0
COH.AX,COCHLEAR LTD,Australia,-1.32,0
TLKM.JK,TELEKOMUNIKASI INDONESIA,Indonesia,3.04,0
KEY.TO,KEYERA CORP,Canada,0.22,0
ITRK.L,INTERTEK GROUP PLC,United Kingdom,0.28,0
4684.T,OBIC LTD,Japan,-2.45,0
CIPLA.NS,CIPLA LTD,India,1.39,0
ABF.L,ASSOCIATED BRITISH FOODS PLC,United Kingdom,-1.8,0
QIA.DE,QIAGEN NV,Germany,-1.28,0
BID.JO,BID CORPORATION LTD,South Africa,0.38,0
NESTLEIND.NS,NESTLE INDIA LTD,India,0.62,0
ASII.JK,ASTRA INTERNATIONAL,Indonesia,-0.85,0
BAJAJFINSV.NS,BAJAJ FINSERV LTD,India,-0.27,0
ALO.PA,ALSTOM SA,France,-0.73,0
MAXHEALTH.NS,MAX HEALTHCARE INSTITUTE LTD,India,1.23,0
MRO.L,MELROSE INDUSTRIES PLC,United Kingdom,-0.37,0
DSY.JO,DISCOVERY LTD,South Africa,-1.07,0
UNI.MI,UNIPOL ASSICURAZIONI SPA,Italy,-2.43,0
BEI.DE,BEIERSDORF AG,Germany,-0.14,0
UAL,UNITED AIRLINES HOLDINGS INC,United States,-4.46,0
MNG.L,M&G PLC,United Kingdom,-1.69,0
FRES.L,FRESNILLO PLC,United Kingdom,-0.26,0
2379.TW,REALTEK SEMICONDUCTOR CORP,Taiwan,0.63,0
C6L.SI,SINGAPORE AIRLINES LTD,Singapore,0.15,0
GRASIM.NS,GRASIM INDUSTRIES LTD,India,0.32,0
LUG.TO,LUNDIN GOLD INC,Canada,-3.24,0
4523.T,EISAI LTD,Japan,-3.66,0
7912.T,DAI NIPPON PRINTING LTD,Japan,-4.09,0
SGP.AX,STOCKLAND STAPLED UNITS LTD,Australia,-2.28,0
SSW.JO,SIBANYE STILLWATER LTD,South Africa,2.27,0
9697.T,CAPCOM LTD,Japan,-1.31,0
HEN.DE,HENKEL AG,Germany,-0.16,0
KBX.DE,KNORR BREMSE AG,Germany,0.21,0
VIVT3.SA,TELEFONICA BRASIL SA,Brazil,-1.37,0
AM.PA,DASSAULT AVIATION SA,France,-4.29,0
SHP.JO,SHOPRITE HOLDINGS LTD,South Africa,1.48,0
3665.TW,BIZLINK HOLDING INC,Taiwan,6.1,0
MAERSK-A.CO,A P MOLLER MAERSK,Denmark,-5.81,0
JIOFIN.NS,JIO FINANCIAL SERVICES LTD,India,-0.06,0
Z,ZILLOW GROUP INC CLASS C,United States,-3.49,0
RENT3.SA,LOCALIZA RENT A CAR SA,Brazil,-2.72,0
HAL.NS,HINDUSTAN AERONAUTICS LTD,India,-0.53,0
GBLB.BR,GROUPE BRUXELLES LAMBERT NV,Belgium,-1.68,0
1050.SR,BANQUE SAUDI FRANSI,Saudi Arabia,3.59,0
FOX,FOX CORP CLASS B,United States,0.31,0
8593.T,MITSUBISHI HC CAPITAL INC,Japan,-2.12,0
TPEIR.AT,PIRAEUS BANK SA,Greece,-3.58,0
NICE.TA,NICE LTD,Israel,-2.28,0
ALPHA.AT,ALPHA BANK SA,Greece,-1.62,0
GET.PA,GETLINK,France,-1.99,0
TFII.TO,TFI INTERNATIONAL INC,Canada,0.22,0
NTGY.MC,NATURGY ENERGY GROUP SA,Spain,-1.36,0
BNR.DE,BRENNTAG,Germany,1.19,0
TRENT.NS,TRENT LTD,India,2.23,0
BS6.SI,YANGZIJIANG SHIPBUILDING (HOLDINGS,Singapore,0.0,0
ADANIPORTS.NS,ADANI PORTS AND SPECIAL ECONOMIC Z,India,0.69,0
BBAS3.SA,BANCO DO BRASIL SA,Brazil,-1.02,0
ASX.AX,ASX LTD,Australia,-1.71,0
PFC.NS,POWER FINANCE CORPORATION LTD,India,0.24,0
MICC.AS,MAGNUM ICE CREAM NV,Netherlands,-2.42,0
TATACONSUM.NS,TATA CONSUMER PRODUCTS LTD,India,0.54,0
BCP.LS,BANCO COMERCIAL PORTUGUES SA,Portugal,-1.79,0
BEAN.SW,BELIMO N AG,Switzerland,-1.66,0
7020.SR,ETIHAD ETISALAT,Saudi Arabia,-0.76,0
CHOLAFIN.NS,CHOLAMANDALAM INVESTMENT AND FINAN,India,-1.0,0
NED.JO,NEDBANK GROUP LTD,South Africa,0.11,0
HAR.JO,HARMONY GOLD MINING COMPANY LIMITE,South Africa,2.57,0
4911.T,SHISEIDO LTD,Japan,-2.88,0
ORNBV.HE,ORION CLASS B,Finland,-1.29,0
2082.SR,ACWA POWER CO,Saudi Arabia,1.62,0
9CI.SI,CAPITALAND INVESTMENT LTD,Singapore,-1.07,0
VCX.AX,VICINITY CENTRES,Australia,0.0,0
NPH.JO,NORTHAM PLATINUM HLDGS LTD,South Africa,-1.86,0
4689.T,LY CORP,Japan,-1.02,0
3003.T,HULIC LTD,Japan,-2.23,0
7202.T,ISUZU MOTORS LTD,Japan,-4.31,0
AIA.NZ,AUCKLAND INTERNATIONAL AIRPORT LTD,New Zealand,0.86,0
STERV.HE,STORA ENSO CLASS R,Finland,-0.99,0
4755.T,RAKUTEN GROUP INC,Japan,-3.74,0
JMT.LS,JERONIMO MARTINS SA,Portugal,1.1,0
LUPIN.NS,LUPIN LTD,India,3.15,0
WISE.L,WISE PLC CLASS A,United Kingdom,-1.43,0
5019.T,IDEMITSU KOSAN LTD,Japan,-3.74,0
CON.DE,CONTINENTAL AG,Germany,0.66,0
5201.T,AGC INC,Japan,-4.15,0
2059.TW,KING SLIDE WORKS LTD,Taiwan,-4.76,0
3661.TW,ALCHIP TECHNOLOGIES LTD,Taiwan,4.81,0
BRITANNIA.NS,BRITANNIA INDUSTRIES LTD,India,-0.97,0
7259.T,AISIN CORP,Japan,-6.14,0
SUZB3.SA,SUZANO SA,Brazil,-1.84,0
6586.T,MAKITA CORP,Japan,-4.49,0
G24.DE,SCOUT24 N,Germany,-2.11,0
OTEX.TO,OPEN TEXT CORP,Canada,-0.19,0
3659.T,NEXON LTD,Japan,-2.63,0
7309.T,SHIMANO INC,Japan,-1.92,0
ELISA.HE,ELISA,Finland,-0.88,0
2002.TW,CHINA STEEL CORP,Taiwan,3.46,0
4188.T,MITSUBISHI CHEMICAL GROUP CORP,Japan,-5.02,0
2603.TW,EVERGREEN MARINE CORP (TAIWAN) LTD,Taiwan,-1.61,0
HEROMOTOCO.NS,HERO MOTOCORP LTD,India,1.99,0
HRL,HORMEL FOODS CORP,United States,-1.03,0
IG.MI,ITALGAS,Italy,-1.82,0
6841.T,YOKOGAWA ELECTRIC CORP,Japan,-5.98,0
RNO.PA,RENAULT SA,France,1.17,0
TMPV.NS,TATA MOTORS PASSENGER VEHICLES LTD,India,1.55,0
3008.TW,LARGAN PRECISION LTD,Taiwan,1.51,0
8331.T,CHIBA BANK LTD,Japan,-2.93,0
SOL.JO,SASOL LTD,South Africa,-0.9,0
6479.T,MINEBEA MITSUMI INC,Japan,-4.51,0
SRT3.DE,SARTORIUS PREF AG,Germany,-2.04,0
VBBR3.SA,VIBRA ENERGIA SA,Brazil,-3.45,0
ETERNAL.NS,ETERNAL LTD,India,1.55,0
AUTO.L,AUTOTRADER GROUP PLC,United Kingdom,-1.54,0
TATAPOWER.NS,TATA POWER LTD,India,0.98,0
SHL.AX,SONIC HEALTHCARE LTD,Australia,-2.38,0
RED.MC,REDEIA CORPORACION SA,Spain,0.13,0
3443.TW,GLOBAL UNICHIP CORP,Taiwan,1.34,0
8113.T,UNICHARM CORP,Japan,-4.06,0
REC.MI,RECORDATI INDUSTRIA CHIMICA E FARM,Italy,0.45,0
1878.T,DAITO TRUST CONSTRUCTION LTD,Japan,-1.53,0
4204.T,SEKISUI CHEMICAL LTD,Japan,-3.78,0
HDFCLIFE.NS,HDFC LIFE INSURANCE COMPANY LTD,India,-1.55,0
CAR.AX,CAR GROUP LTD,Australia,0.22,0
PAH3.DE,PORSCHE AUTOMOBIL HOLDING PREF,Germany,0.16,0
ELI.BR,ELIA GROUP SA,Belgium,-2.44,0
ADANIPOWER.NS,ADANI POWER LTD,India,0.35,0
DMART.NS,AVENUE SUPERMARTS LTD,India,-0.98,0
INDUSTOWER.NS,INDUS TOWERS LTD,India,1.85,0
CHILE.SN,BANCO DE CHILE,Chile,-2.19,0
T.TO,TELUS,Canada,-0.22,0
CSG.AS,CSG CLASS A NV,Netherlands,2.81,0
3481.TW,INNOLUX CORP,Taiwan,-3.85,0
ASURB.MX,GRUPO AEROPORTUARIO DEL SURESTE B,Mexico,-1.42,0
BVN,BUENAVENTURA ADR REPRESENTING,Peru,-5.02,0
LAND.L,LAND SECURITIES GROUP REIT PLC,United Kingdom,-1.43,0
IFT.NZ,INFRATIL LTD,New Zealand,-1.01,0
SDLF.L,STANDARD LIFE PLC,United Kingdom,-0.75,0
4612.T,NIPPON PAINT HOLDINGS LTD,Japan,-3.98,0
9042.T,HANKYU HANSHIN HOLDINGS INC,Japan,-1.75,0
ERIE,ERIE INDEMNITY CLASS A,United States,-0.23,0
9843.T,NITORI HOLDINGS LTD,Japan,-5.58,0
3045.TW,TAIWAN MOBILE LTD,Taiwan,-0.46,0
8136.T,SANRIO LTD,Japan,-0.84,0
IPN.PA,IPSEN SA,France,-1.71,0
OKLO,OKLO INC CLASS A,United States,-1.32,0
IVN.TO,IVANHOE MINES LTD CLASS A,Canada,-1.89,0
JDEP.AS,JDE PEETS NV,Netherlands,0.0,0
3034.TW,NOVATEK MICROELECTRONICS CORP,Taiwan,3.08,0
1301.TW,FORMOSA PLASTICS CORP,Taiwan,-2.06,0
RADL3.SA,RAIA DROGASIL,Brazil,-2.73,0
EXO.AS,EXOR NV,Netherlands,-2.31,0
GVT&D.NS,GE VERNOVA T&D INDIA LTD,India,-2.2,0
WTC.AX,WISETECH GLOBAL LTD,Australia,3.3,0
TLX.DE,TALANX AG,Germany,-3.79,0
BMW3.DE,BMW PREF AG,Germany,-0.59,0
KESKOB.HE,KESKO CLASS B,Finland,-1.86,0
7272.T,YAMAHA MOTOR LTD,Japan,-1.74,0
UHR.SW,THE SWATCH GROUP AG,Switzerland,2.13,0
ZAL.DE,ZALANDO,Germany,-3.53,0
9024.T,SEIBU HOLDINGS INC,Japan,-2.46,0
7911.T,TOPPAN HOLDINGS INC,Japan,-6.99,0
LHA.DE,DEUTSCHE LUFTHANSA AG,Germany,-1.16,0
9107.T,KAWASAKI KISEN LTD,Japan,-3.27,0
VBL.NS,VARUN BEVERAGES LTD,India,-0.79,0
8729.T,SONY FINANCIAL GROUP INC,Japan,-1.82,0
SGH.AX,SGH LTD,Australia,-2.44,0
CUMMINSIND.NS,CUMMINS INDIA LTD,India,2.43,0
VER.VI,VERBUND AG,Austria,-0.37,0
H,HYATT HOTELS CORP CLASS A,United States,-1.54,0
ORDS.QA,OOREDOO,Qatar,-3.55,0
ASHOKLEY.NS,ASHOK LEYLAND LTD,India,0.19,0
IAG.MC,INTERNATIONAL AIRLINES GROUP SA,Spain,0.38,0
HAG.DE,HENSOLDT AG,Germany,-5.81,0
HOT.DE,HOCHTIEF AG,Germany,-2.46,0
DIM.PA,SARTORIUS STEDIM BIOTECH SA,France,-4.06,0
5411.T,JFE HOLDINGS INC,Japan,-3.08,0
4091.T,NIPPON SANSO HOLDINGS CORP,Japan,-4.85,0
PME.AX,PRO MEDICUS LTD,Australia,-2.09,0
2801.T,KIKKOMAN CORP,Japan,-3.15,0
REM.JO,REMGRO LTD,South Africa,-0.17,0
POLICYBZR.NS,PB FINTECH LTD,India,0.56,0
4013.SR,DR SULAIMAN AL HABIB MEDICAL GRP,Saudi Arabia,0.2,0
PERSISTENT.NS,PERSISTENT SYSTEMS LTD,India,2.47,0
DNP.WA,DINO POLSKA SA,Poland,0.91,0
RBI.VI,RAIFFEISEN BANK INTERNATIONAL AG,Austria,-2.41,0
TORNTPHARM.NS,TORRENT PHARMACEUTICALS LTD,India,1.41,0
9435.T,HIKARI TSUSHIN INC,Japan,-2.83,0
NEM.DE,NEMETSCHEK,Germany,-1.63,0
2801.TW,CHANG HWA COMMERCIAL BANK LTD,Taiwan,-0.49,0
9005.T,TOKYU CORP,Japan,-2.15,0
INDHOTEL.NS,INDIAN HOTELS LTD,India,0.31,0
REA.AX,REA GROUP LTD,Australia,-1.12,0
PNDORA.CO,PANDORA,Denmark,0.18,0
IQCD.QA,INDUSTRIES QATAR,Qatar,-0.98,0
1326.TW,FORMOSA CHEMICALS & FIBRE CORP,Taiwan,-1.61,0
6446.TW,PHARMAESSENTIA CORP,Taiwan,-0.93,0
DSG.TO,DESCARTES SYSTEMS GROUP INC,Canada,-0.04,0
3533.TW,LOTES LTD,Taiwan,1.72,0
BCI.SN,BANCO DE CREDITO E INVERSION,Chile,-1.24,0
GFINBURO.MX,GRUPO FINANCIERO INBURSA SRIES O,Mexico,-0.19,0
BPCL.NS,BHARAT PETROLEUM LTD,India,0.63,0
2280.SR,ALMARAI,Saudi Arabia,0.85,0
WIPRO.NS,WIPRO LTD,India,1.32,0
SPX.L,SPIRAX GROUP PLC,United Kingdom,-1.38,0
AUBANK.NS,AU SMALL FINANCE BANK LTD,India,-0.01,0
2834.TW,TAIWAN BUSINESS BANK LTD,Taiwan,-0.33,0
BOL.PA,BOLLORE,France,-0.41,0
BEPC.TO,BROOKFIELD RENEWABLE SUBORDINATE V,Canada,-4.49,0
7701.T,SHIMADZU CORP,Japan,-2.21,0
ICL.TA,ICL GROUP LTD,Israel,-2.52,0
LTM.NS,LTIMINDTREE LTD,India,2.39,0
LI,KLEPIERRE REIT SA,France,-2.34,0
POLYCAB.NS,POLYCAB INDIA LTD,India,-0.13,0
LPP.WA,LPP SA,Poland,0.11,0
7201.T,NISSAN MOTOR LTD,Japan,-3.75,0
RDOR3.SA,REDE DOR SAO LUIZ SA,Brazil,0.16,0
GCARSOA1.MX,GRUPO CARSO SERIES A1,Mexico,-1.67,0
ICICIGI.NS,ICICI LOMBARD GENERAL INSURANCE CO,India,-0.83,0
CGPOWER.NS,CG POWER AND INDUSTRIAL SOLUTIONS,India,-0.74,0
SWIGGY.NS,SWIGGY LTD,India,-0.16,0
SNAP,SNAP INC CLASS A,United States,-1.75,0
7181.T,JAPAN POST INSURANCE LTD,Japan,-2.24,0
PPH.JO,PEPKOR HOLDINGS SHS LTD,South Africa,0.91,0
1140.SR,BANK ALBILAD,Saudi Arabia,0.23,0
CPR.MI,DAVIDE CAMPARI MILANO NV,Italy,-1.17,0
5876.TW,SHANGHAI COMMERCIAL LTD,Taiwan,-0.51,0
9602.T,TOHO (TOKYO) LTD,Japan,-1.04,0
WTB.L,WHITBREAD PLC,United Kingdom,-0.9,0
P911.DE,DR ING HC F PORSCHE PRF AG,Germany,-0.41,0
AZRG.TA,AZRIELI GROUP LTD,Israel,0.74,0
BSANTANDER.SN,BANCO SANTANDER CHILE,Chile,0.9,0
RXL.PA,REXEL SA,France,-2.34,0
1519.TW,FORTUNE ELECTRIC LTD,Taiwan,-0.65,0
7550.T,ZENSHO HOLDINGS LTD,Japan,-1.93,0
INDUSINDBK.NS,INDUSIND BANK LTD,India,0.28,0
CMIG4.SA,CIA ENERGETICA DE MINAS GERAIS PRE,Brazil,0.41,0
LEG.DE,LEG IMMOBILIEN N,Germany,-2.64,0
RECLTD.NS,REC,India,0.09,0
BBNI.JK,BANK NEGARA INDONESIA,Indonesia,1.62,0
QAN.AX,QANTAS AIRWAYS LTD,Australia,-1.07,0
3391.T,TSURUHA HOLDINGS INC,Japan,-3.66,0
PIDILITIND.NS,PIDILITE INDUSTRIES LTD,India,2.48,0
SPL.WA,SANTANDER BANK POLSKA SA,Poland,-0.04,0
BARN.SW,BARRY CALLEBAUT AG,Switzerland,-0.15,0
NAUKRI.NS,INFO EDGE INDIA LTD,India,0.78,0
2395.TW,ADVANTECH LTD,Taiwan,0.58,0
AVOL.SW,AVOLTA AG,Switzerland,-0.49,0
2413.T,M3 INC,Japan,-2.57,0
1101.TW,TAIWAN CEMENT LTD,Taiwan,-1.46,0
ALE.WA,ALLEGRO SA,Poland,-0.78,0
FSV.TO,FIRSTSERVICE SUBORDINATE VOTING CO,Canada,-2.89,0
SW.PA,SODEXO SA,France,-2.45,0
HDFCAMC.NS,HDFC ASSET MANAGEMENT COMPANY LTD,India,-0.63,0
BCVN.SW,BC VAUD N,Switzerland,-0.41,0
UGPA3.SA,ULTRAPAR PARTICIPOES SA,Brazil,-2.32,0
BIMBOA.MX,GRUPO BIMBO A,Mexico,-1.72,0
EVD.DE,CTS EVENTIM AG,Germany,-3.0,0
HAVELLS.NS,HAVELLS INDIA LTD,India,-1.01,0
RAIL3.SA,RUMO SA,Brazil,-0.43,0
3088.T,MATSUKIYOKARA,Japan,-2.41,0
BMED.MI,BANCA MEDIOLANUM,Italy,-1.67,0
MUTHOOTFIN.NS,MUTHOOT FINANCE LTD,India,0.29,0
EMSN.SW,EMS-CHEMIE HOLDING AG,Switzerland,0.08,0
IDR.MC,INDRA SISTEMAS SA,Spain,0.3,0
CEN.NZ,CONTACT ENERGY LTD,New Zealand,-1.95,0
BHARATFORG.NS,BHARAT FORGE LTD,India,-0.05,0
2912.TW,PRESIDENT CHAIN STORE CORP,Taiwan,1.17,0
UNITDSPR.NS,UNITED SPIRITS LTD,India,0.87,0
GODREJCP.NS,GODREJ CONSUMER PRODUCTS LTD,India,-0.45,0
FORTIS.NS,FORTIS HEALTHCARE LTD,India,0.45,0
TIMS3.SA,TIM SA,Brazil,-2.02,0
OMAB.MX,GRUPO AEROPORTUARIO DEL CENTRO NOR,Mexico,-0.64,0
IOC.NS,INDIAN OIL CORP LTD,India,1.31,0
U96.SI,SEMBCORP INDUSTRIES LTD,Singapore,-0.16,0
4958.TW,ZHEN DING TECHNOLOGY HOLDING LTD,Taiwan,0.0,0
ENT.L,ENTAIN PLC,United Kingdom,1.19,0
4904.TW,FAR EASTONE TELECOMMUNICATIONS LTD,Taiwan,1.51,0
PAYTM.NS,ONE COMMUNICATIONS LTD,India,1.2,0
AXIA7.SA,CENTRAIS ELET BRAS PRF SA,Brazil,-4.55,0
4938.TW,PEGATRON CORP,Taiwan,-0.39,0
DLF.NS,DLF LTD,India,-0.28,0
F34.SI,WILMAR INTERNATIONAL LTD,Singapore,-2.31,0
3626.T,TIS INC,Japan,-1.38,0
MOTV3.SA,MOTIVA INFRAESTRUTURA DE MOBILIDAD,Brazil,-2.31,0
BBSE3.SA,BB SEGURIDADE SA,Brazil,-1.64,0
MOTHERSON.NS,SAMVARDHANA MOTHERSON INTERNATIONA,India,-0.14,0
LOTB.BR,LOTUS BAKERIES NV,Belgium,0.41,0
1080.SR,ARAB NATIONAL BANK,Saudi Arabia,-0.62,0
KOFUBL.MX,COCA-COLA FEMSA CLASS UBL UNITS,Mexico,-1.96,0
6869.T,SYSMEX CORP,Japan,-0.97,0
GGBR4.SA,GERDAU PREF SA,Brazil,-0.23,0
DIXON.NS,DIXON TECHNOLOGIES (INDIA) LTD,India,1.45,0
JINDALSTEL.NS,JINDAL STEEL LTD,India,4.25,0
ANA.MC,ACCIONA SA,Spain,-1.23,0
GAIL.NS,GAIL INDIA LTD,India,-0.97,0
SOLARINDS.NS,SOLAR INDUSTRIES INDIA LTD,India,-1.71,0
TOTS3.SA,TOTVS SA,Brazil,-0.56,0
MARICO.NS,MARICO LTD,India,0.41,0
2207.TW,HOTAI MOTOR LTD,Taiwan,2.16,0
ENEV3.SA,ENEVA SA,Brazil,-1.23,0
2587.T,SUNTORY BEVERAGE & FOOD LTD,Japan,-3.38,0
EDPR.LS,EDP RENOVAVEIS SA,Portugal,-1.52,0
PPC.AT,PUBLIC POWER CORPORATION SA,Greece,2.41,0
2324.TW,COMPAL ELECTRONICS INC,Taiwan,1.23,0
SUZLON.NS,SUZLON ENERGY LTD,India,2.09,0
GJF.OL,GJENSIDIGE FORSIKRING,Norway,-0.23,0
TUB.BR,FINANCIERE DE TUBIZE SA,Belgium,-3.55,0
INPST.AS,INPOST SA,Netherlands,-0.53,0
4768.T,OTSUKA CORP,Japan,-1.28,0
FIBRAPL14.MX,PROLOGIS PROPERTY MEXICO REIT,Mexico,1.41,0
APLAPOLLO.NS,APL APOLLO TUBES LTD,India,2.24,0
OUT.JO,OUTSURANCE GROUP LTD,South Africa,-1.88,0
BVT.JO,BIDVEST GROUP LTD,South Africa,0.93,0
BIM.PA,BIOMERIEUX SA,France,-2.05,0
FALABELLA.SN,FALABELLA SACI SA,Chile,-0.42,0
QGTS.QA,QATAR GAS TRANSPORT COMPANY LTD,Qatar,0.16,0
VOLTAS.NS,VOLTAS LTD,India,-1.68,0
5871.TW,CHAILEASE HOLDING LTD,Taiwan,0.47,0
DIE.BR,DIETEREN (D) SA,Belgium,-2.39,0
BTRW.L,BARRATT REDROW PLC,United Kingdom,-2.81,0
POWERINDIA.NS,HITACHI ENERGY INDIA LTD,India,1.52,0
1590.TW,AIRTAC INTERNATIONAL GROUP,Taiwan,0.31,0
SRF.NS,SRF LTD,India,-0.98,0
CENCOSUD.SN,CENCOSUD SA,Chile,-5.78,0
HTO.AT,HELLENIC TELECOMMUNICATIONS ORGANI,Greece,-1.26,0
DHER.DE,DELIVERY HERO,Germany,0.1,0
CDR.WA,CD PROJEKT SA,Poland,4.22,0
AUROPHARMA.NS,AUROBINDO PHARMA LTD,India,3.52,0
DSSA.JK,DIAN SWASTATIKA SENTOSA,Indonesia,-0.16,0
BZU.MI,BUZZI,Italy,0.43,0
HYUNDAI.NS,HYUNDAI MOTOR INDIA LTD,India,-0.03,0
7203.SR,AL-ELM INFORMATION SECURITY COMPAN,Saudi Arabia,0.74,0
BKW.SW,BKW N AG,Switzerland,-1.37,0
AMUN.PA,AMUNDI SA,France,-1.92,0
ABB.NS,ABB INDIA LTD,India,1.34,0
ADANIENT.NS,ADANI ENTERPRISES LTD,India,-0.5,0
BANKBARODA.NS,BANK OF BARODA LTD,India,2.7,0
RNI.JO,REINET INVESTMENTS S.C.A.,South Africa,-1.6,0
PHOENIXLTD.NS,PHOENIX MILLS LTD,India,-2.06,0
CBQK.QA,COMMERCIAL BANK OF QATAR,Qatar,-1.85,0
VOD.JO,VODACOM GROUP LTD,South Africa,-1.36,0
2376.TW,GIGABYTE TECHNOLOGY LTD,Taiwan,0.4,0
TIINDIA.NS,TUBE INVESTMENTS OF INDIA LTD,India,0.29,0
FUNO11.MX,FIBRA UNO ADMINISTRACION REIT,Mexico,-1.14,0
GFC.PA,GECINA SA,France,-1.97,0
SDR.L,SCHRODERS PLC,United Kingdom,0.0,0
RAA.DE,RATIONAL AG,Germany,-5.49,0
SYENS.BR,SYENSQO NV,Belgium,0.86,0
CPLE3.SA,CIA PARANAENSE DE ENERGIA COPEL,Brazil,-4.14,0
SIEMENS.NS,SIEMENS LTD,India,1.64,0
SALM.OL,SALMAR,Norway,-0.89,0
AMMN.JK,AMMAN MINERAL INTERNASIONAL,Indonesia,2.66,0
SUNDARMFIN.NS,SUNDARAM FINANCE LTD,India,-2.71,0
AMBUJACEM.NS,AMBUJA CEMENTS LTD,India,0.14,0
UPL.NS,UPL LTD,India,2.25,0
WAAREEENER.NS,WAAREE ENERGIES LTD,India,0.32,0
AAF.L,AIRTEL AFRICA PLC,United Kingdom,-1.84,0
BSE.NS,BSE LTD,India,-3.07,0
9202.T,ANA HOLDINGS INC,Japan,-4.57,0
2356.TW,INVENTEC CORP,Taiwan,-1.5,0
COPEC.SN,EMPRESAS COPEC SA,Chile,-4.39,0
SOF.BR,SOFINA SA,Belgium,-2.51,0
RAND.AS,RANDSTAD HOLDING,Netherlands,-3.25,0
CLS.JO,CLICKS GROUP LTD,South Africa,0.21,0
BELA.AT,JUMBO SA,Greece,-0.52,0
NYKAA.NS,FSN E-COMMERCE VENTURES LTD,India,0.5,0
8210.SR,BUPA ARABIA,Saudi Arabia,1.47,0
3092.T,ZOZO INC,Japan,-2.61,0
2609.TW,YANG MING MARINE TRANSPORT CORP,Taiwan,-0.71,0
GRF.MC,GRIFOLS SA CLASS A,Spain,-1.55,0
JSL.NS,JINDAL STAINLESS LTD,India,2.0,0
2474.TW,CATCHER TECHNOLOGY LTD,Taiwan,-1.06,0
5110.SR,SAUDI ENERGY,Saudi Arabia,2.96,0
MEL.NZ,MERIDIAN ENERGY LTD,New Zealand,0.37,0
EVK.DE,EVONIK INDUSTRIES AG,Germany,-0.78,0
MARK.QA,MASRAF AL RAYAN,Qatar,-1.45,0
GMRAIRPORT.NS,GMR AIRPORTS LTD,India,2.39,0
ALWN.AT,ALLWYN AG SA,Greece,2.12,0
YESBANK.NS,YES BANK LTD,India,1.03,0
MANKIND.NS,MANKIND PHARMA LTD,India,-0.04,0
6919.TW,CALIWAY BIOPHARMACEUTICALS LTD,Taiwan,-3.33,0
4300.SR,DAR AL ARKAN REAL ESTATE DEVELOPME,Saudi Arabia,-0.63,0
3064.T,MONOTARO LTD,Japan,-6.4,0
HINDPETRO.NS,HINDUSTAN PETROLEUM CORP LTD,India,3.54,0
IGM.TO,IGM FINANCIAL INC,Canada,-0.94,0
4151.T,KYOWA KIRIN LTD,Japan,-2.77,0
KLBN11.SA,KLABIN UNITS SA,Brazil,-2.13,0
JSWENERGY.NS,JSW ENERGY LTD,India,0.23,0
TORNTPOWER.NS,TORRENT POWER LTD,India,0.26,0
MIL.WA,BANK MILLENNIUM SA,Poland,0.25,0
UNTR.JK,UNITED TRACTORS,Indonesia,1.78,0
ENRIN.NS,SIEMENS ENERGY INDIA LTD,India,1.31,0
1102.TW,ASIA CEMENT CORP,Taiwan,2.05,0
COROMANDEL.NS,COROMANDEL INTERNATIONAL LTD,India,-3.18,0
2618.TW,EVA AIRWAYS CORP,Taiwan,0.43,0
BHEL.NS,BHARAT HEAVY ELECTRICALS LTD,India,4.09,0
ABCAPITAL.NS,ADITYA BIRLA CAPITAL LTD,India,-0.34,0
LTF.NS,L&T FINANCE LTD,India,1.77,0
CVC.AS,CVC CAPITAL PARTNERS PLC,Netherlands,-2.09,0
NHPC.NS,NHPC LTD,India,0.73,0
TPIA.JK,CHANDRA ASRI PACIFIC,Indonesia,-0.49,0
CPFE3.SA,CPFL ENERGIA SA,Brazil,-4.12,0
TM,TELEKOM MALAYSIA,Malaysia,-1.87,0
GOTO.JK,GOTO GOJEK TOKOPEDIA,Indonesia,-1.92,0
4250.SR,JABAL OMAR DEVELOPMENT,Saudi Arabia,4.43,0
VMM.NS,VISHAL MEGA MART LTD,India,-0.72,0
BBDC3.SA,BANCO BRADESCO SA,Brazil,-1.86,0
GRUMAB.MX,GRUMA,Mexico,0.37,0
PIIND.NS,P.I. INDUSTRIES LTD,India,0.64,0
IDEA.NS,VODAFONE IDEA LTD,India,4.47,0
LODHA.NS,LODHA DEVELOPERS LTD,India,-2.57,0
ALKEM.NS,ALKEM LABORATORIES LTD,India,0.33,0
UNIONBANK.NS,UNION BANK OF INDIA LTD,India,3.18,0
NMDC.NS,NMDC LTD,India,2.36,0
SIGMAFA.MX,ALFA A,Mexico,1.01,0
BOSCHLTD.NS,BOSCH LTD,India,0.85,0
1020.SR,BANK ALJAZIRA,Saudi Arabia,1.24,0
PNB.NS,PUNJAB NATIONAL BANK,India,1.86,0
SHREECEM.NS,SHREE CEMENT LTD,India,0.86,0
BREN.JK,BARITO RENEWABLES ENERGY,Indonesia,-2.93,0
BRMS.JK,BUMI RESOURCES MINERALS,Indonesia,0.74,0
NRP.JO,NEPI ROCKCASTLE NV,South Africa,0.82,0
KIMBERA.MX,KIMBERLY-CLARK DE MEXICO CLASS A,Mexico,-4.44,0
4100.SR,MAKKAH CONSTRUCTION AND DEVELOPMEN,Saudi Arabia,2.09,0
ASTRAL.NS,ASTRAL LTD,India,-0.52,0
BAJAJHLDNG.NS,BAJAJ HOLDINGS AND INVESTMENT LTD,India,-1.67,0
MBK.WA,MBANK SA,Poland,-1.09,0
DABUR.NS,DABUR INDIA LTD,India,0.12,0
DEMANT.CO,DEMANT,Denmark,0.33,0
9201.T,JAPAN AIRLINES LTD,Japan,-4.03,0
SUPREMEIND.NS,SUPREME INDUSTRIES LTD,India,-0.23,0
ADP.PA,AEROPORTS DE PARIS SA,France,-0.67,0
PRESTIGE.NS,PRESTIGE ESTATES PROJECTS LTD,India,-1.56,0
BDX.WA,BUDIMEX SA,Poland,-3.63,0
COLPAL.NS,COLGATE PALMOLIVE INDIA LTD,India,0.34,0
MRF.NS,MRF LTD,India,-2.31,0
ENELCHILE.SN,ENEL CHILE SA,Chile,-0.54,0
1504.TW,TECO ELECTRIC & MACHINERY LTD,Taiwan,-1.61,0
ROCK-B.CO,ROCKWOOL CLASS B,Denmark,-2.26,0
1402.TW,FAR EASTERN NEW CENTURY CORP,Taiwan,-1.12,0
DUBK.QA,DUKHAN BANK,Qatar,-1.72,0
IDFCFIRSTB.NS,IDFC FIRST BANK LTD,India,0.54,0
OIL.NS,OIL INDIA LTD,India,-0.32,0
ICICIPRULI.NS,ICICI PRUDENTIAL LIFE INSURANCE CO,India,-1.92,0
4002.SR,AL MOUWASAT MEDICAL SERVICES,Saudi Arabia,1.2,0
PGE.WA,PGE POLSKA GRUPA ENERGETYCZNA SA,Poland,-8.06,0
PAGEIND.NS,PAGE INDUSTRIES LTD,India,2.5,0
BCE,BCE INC,Canada,0.23,0
KALYANKJIL.NS,KALYAN JEWELLERS INDIA LTD,India,2.44,0
JD,JD SPORTS FASHION PLC,United Kingdom,-2.68,0
8010.SR,THE COOPERATIVE INSURANCE,Saudi Arabia,1.02,0
JUBLFOOD.NS,JUBILANT FOODWORKS LTD,India,-0.58,0
2615.TW,WAN HAI LINES LTD,Taiwan,0.64,0
SBICARD.NS,SBI CARDS & PAYMENT SERVICES LTD,India,-0.79,0
COV.PA,COVIVIO SA,France,-1.29,0
2382.SR,ADES HOLDING CO,Saudi Arabia,2.58,0
CPIN.JK,CHAROEN POKPHAND INDONESIA,Indonesia,0.0,0
ZYDUSLIFE.NS,ZYDUS LIFESCIENCES LTD,India,1.64,0
2290.SR,YANBU NATIONAL PETROCHEMICALS,Saudi Arabia,-3.83,0
OBEROIRLTY.NS,OBEROI REALTY LTD,India,0.0,0
MAP.MC,MAPFRE SA,Spain,-0.54,0
BALKRISIND.NS,BALKRISHNA INDUSTRIES LTD,India,-0.74,0
GODREJPROP.NS,GODREJ PROPERTIES LTD,India,-0.17,0
TITR.MI,TELECOM ITALIA S.P.A.,Italy,-1.84,0
ZAB.WA,ZABKA GROUP SOCIETE ANONYME SA,Poland,4.71,0
4716.T,ORACLE JAPAN CORP,Japan,-1.94,0
2610.TW,CHINA AIRLINES LTD,Taiwan,0.8,0
AMRT.JK,PT SUMBER ALFARIA TRIJAYA,Indonesia,1.76,0
CUAN.JK,PETRINDO JAYA KREASI,Indonesia,2.74,0
1111.SR,SAUDI TADAWUL GROUP CO,Saudi Arabia,0.29,0
MPHASIS.NS,MPHASIS LTD,India,2.13,0
BRPT.JK,BARITO PACIFIC,Indonesia,8.4,0
EGIE3.SA,ENGIE BRASIL ENERGIA SA,Brazil,-2.43,0
OFSS.NS,ORACLE FINANCIAL SERVICES SOFTWARE,India,3.32,0
AYV.PA,AYVENS SA,France,-0.72,0
CMPC.SN,EMPRESAS CMPC SA,Chile,-4.31,0
1030.SR,SAUDI INVESTMENT BANK,Saudi Arabia,0.0,0
PETRONET.NS,PETRONET LNG LTD,India,-4.87,0
TATACOMM.NS,TATA COMMUNICATIONS LTD,India,-1.67,0
CHDRAUIB.MX,GRUPO COMERCIAL CHEDRAUI,Mexico,-1.47,0
RVNL.NS,RAIL VIKAS NIGAM LTD,India,0.84,0
MPHC.QA,MESAIEED PETROCHEMICAL HOLDING,Qatar,0.28,0
4263.SR,SAL SAUDI LOGISTICS SERVICE CO,Saudi Arabia,0.45,0
7202.SR,ARABIAN INTERNET AND COMMUNICATION,Saudi Arabia,1.16,0
ENGI11.SA,ENERGISA UNITS SA,Brazil,-4.29,0
2633.TW,TAIWAN HIGH SPEED RAIL CORP,Taiwan,0.76,0
FIVE,X5 RETAIL GROUP GDR NV,Russian Federation,-3.3,0
ALRS,AK ALROSA,Russian Federation,-0.26,0
